[INFO] Scanning for projects...
[INFO] 
[INFO] ------------------------< com.civwbms:backend >-------------------------
[INFO] Building CIVWBMS Backend 1.0.0
[INFO]   from pom.xml
[INFO] --------------------------------[ jar ]---------------------------------
[INFO] 
[INFO] >>> spring-boot:3.3.5:run (default-cli) > test-compile @ backend >>>
[INFO] 
[INFO] --- resources:3.3.1:resources (default-resources) @ backend ---
[INFO] Copying 1 resource from src\main\resources to target\classes
[INFO] Copying 0 resource from src\main\resources to target\classes
[INFO] 
[INFO] --- compiler:3.13.0:compile (default-compile) @ backend ---
[INFO] Nothing to compile - all classes are up to date.
[INFO] 
[INFO] --- resources:3.3.1:testResources (default-testResources) @ backend ---
[INFO] skip non existing resourceDirectory C:\SAGUN\PROJECTS\PROJECTS\CIL Vendor Management System\backend\src\test\resources
[INFO] 
[INFO] --- compiler:3.13.0:testCompile (default-testCompile) @ backend ---
[INFO] No sources to compile
[INFO] 
[INFO] <<< spring-boot:3.3.5:run (default-cli) < test-compile @ backend <<<
[INFO] 
[INFO] 
[INFO] --- spring-boot:3.3.5:run (default-cli) @ backend ---
[INFO] Attaching agents: []

  .   ____          _            __ _ _
 /\\ / ___'_ __ _ _(_)_ __  __ _ \ \ \ \
( ( )\___ | '_ | '_| | '_ \/ _` | \ \ \ \
 \\/  ___)| |_)| | | | | || (_| |  ) ) ) )
  '  |____| .__|_| |_|_| |_\__, | / / / /
 =========|_|==============|___/=/_/_/_/

 :: Spring Boot ::                (v3.3.5)

2026-06-04T09:53:11.269+05:30  INFO 94548 --- [CIVWBMS Backend] [           main] com.civwbms.CivwbmsApplication           : Starting CivwbmsApplication using Java 26.0.1 with PID 94548 (C:\SAGUN\PROJECTS\PROJECTS\CIL Vendor Management System\backend\target\classes started by sagun in C:\SAGUN\PROJECTS\PROJECTS\CIL Vendor Management System\backend)
2026-06-04T09:53:11.272+05:30  INFO 94548 --- [CIVWBMS Backend] [           main] com.civwbms.CivwbmsApplication           : No active profile set, falling back to 1 default profile: "default"
2026-06-04T09:53:11.273+05:30 DEBUG 94548 --- [CIVWBMS Backend] [           main] o.s.boot.SpringApplication               : Loading source class com.civwbms.CivwbmsApplication
2026-06-04T09:53:11.345+05:30 DEBUG 94548 --- [CIVWBMS Backend] [           main] ConfigServletWebServerApplicationContext : Refreshing org.springframework.boot.web.servlet.context.AnnotationConfigServletWebServerApplicationContext@1a942c18
WARNING: A restricted method in java.lang.System has been called
WARNING: java.lang.System::load has been called by org.apache.tomcat.jni.Library in an unnamed module (file:/C:/Users/sagun/.m2/repository/org/apache/tomcat/embed/tomcat-embed-core/10.1.31/tomcat-embed-core-10.1.31.jar)
WARNING: Use --enable-native-access=ALL-UNNAMED to avoid a warning for callers in this module
WARNING: Restricted methods will be blocked in a future release unless native access is enabled

2026-06-04T09:53:12.807+05:30 DEBUG 94548 --- [CIVWBMS Backend] [           main] .s.b.w.e.t.TomcatServletWebServerFactory : Code archive: C:\Users\sagun\.m2\repository\org\springframework\boot\spring-boot\3.3.5\spring-boot-3.3.5.jar
2026-06-04T09:53:12.807+05:30 DEBUG 94548 --- [CIVWBMS Backend] [           main] .s.b.w.e.t.TomcatServletWebServerFactory : Code archive: C:\Users\sagun\.m2\repository\org\springframework\boot\spring-boot\3.3.5\spring-boot-3.3.5.jar
2026-06-04T09:53:12.808+05:30 DEBUG 94548 --- [CIVWBMS Backend] [           main] .s.b.w.e.t.TomcatServletWebServerFactory : None of the document roots [src/main/webapp, public, static] point to a directory and will be ignored.
2026-06-04T09:53:12.832+05:30  INFO 94548 --- [CIVWBMS Backend] [           main] o.s.b.w.embedded.tomcat.TomcatWebServer  : Tomcat initialized with port 8080 (http)
2026-06-04T09:53:12.847+05:30  INFO 94548 --- [CIVWBMS Backend] [           main] o.apache.catalina.core.StandardService   : Starting service [Tomcat]
2026-06-04T09:53:12.847+05:30  INFO 94548 --- [CIVWBMS Backend] [           main] o.apache.catalina.core.StandardEngine    : Starting Servlet engine: [Apache Tomcat/10.1.31]
2026-06-04T09:53:12.923+05:30  INFO 94548 --- [CIVWBMS Backend] [           main] o.a.c.c.C.[Tomcat].[localhost].[/]       : Initializing Spring embedded WebApplicationContext
2026-06-04T09:53:12.923+05:30 DEBUG 94548 --- [CIVWBMS Backend] [           main] w.s.c.ServletWebServerApplicationContext : Published root WebApplicationContext as ServletContext attribute with name [org.springframework.web.context.WebApplicationContext.ROOT]
2026-06-04T09:53:12.924+05:30  INFO 94548 --- [CIVWBMS Backend] [           main] w.s.c.ServletWebServerApplicationContext : Root WebApplicationContext: initialization completed in 1579 ms
2026-06-04T09:53:12.954+05:30 DEBUG 94548 --- [CIVWBMS Backend] [           main] o.s.b.w.s.ServletContextInitializerBeans : Mapping filters: springSecurityFilterChain urls=[/*] order=-100, characterEncodingFilter urls=[/*] order=-2147483648, formContentFilter urls=[/*] order=-9900, requestContextFilter urls=[/*] order=-105, jwtFilter urls=[/*] order=2147483647
2026-06-04T09:53:12.954+05:30 DEBUG 94548 --- [CIVWBMS Backend] [           main] o.s.b.w.s.ServletContextInitializerBeans : Mapping servlets: dispatcherServlet urls=[/]
2026-06-04T09:53:12.981+05:30 DEBUG 94548 --- [CIVWBMS Backend] [           main] o.s.b.w.s.f.OrderedRequestContextFilter  : Filter 'requestContextFilter' configured for use
2026-06-04T09:53:12.982+05:30 DEBUG 94548 --- [CIVWBMS Backend] [           main] s.b.w.s.f.OrderedCharacterEncodingFilter : Filter 'characterEncodingFilter' configured for use
2026-06-04T09:53:12.983+05:30 DEBUG 94548 --- [CIVWBMS Backend] [           main] .DelegatingFilterProxyRegistrationBean$1 : Filter 'springSecurityFilterChain' configured for use
2026-06-04T09:53:12.983+05:30 DEBUG 94548 --- [CIVWBMS Backend] [           main] o.s.b.w.s.f.OrderedFormContentFilter     : Filter 'formContentFilter' configured for use
2026-06-04T09:53:13.209+05:30  WARN 94548 --- [CIVWBMS Backend] [           main] .s.s.UserDetailsServiceAutoConfiguration : 

Using generated security password: d13406fa-d391-4b1d-b715-016e47053071

This generated password is for development use only. Your security configuration must be updated before running your application in production.

2026-06-04T09:53:13.217+05:30  INFO 94548 --- [CIVWBMS Backend] [           main] r$InitializeUserDetailsManagerConfigurer : Global AuthenticationManager configured with UserDetailsService bean with name inMemoryUserDetailsManager
2026-06-04T09:53:13.380+05:30 DEBUG 94548 --- [CIVWBMS Backend] [           main] s.w.s.m.m.a.RequestMappingHandlerMapping : 19 mappings in 'requestMappingHandlerMapping'
2026-06-04T09:53:13.402+05:30 DEBUG 94548 --- [CIVWBMS Backend] [           main] o.s.b.a.AutoConfigurationPackages        : @EnableAutoConfiguration was declared on a class in the package 'com.civwbms'. Automatic @Repository and @Entity scanning is enabled.
2026-06-04T09:53:13.442+05:30 DEBUG 94548 --- [CIVWBMS Backend] [           main] o.s.w.s.handler.SimpleUrlHandlerMapping  : Patterns [/webjars/**, /**, /swagger-ui*/*swagger-initializer.js, /swagger-ui*/**] in 'resourceHandlerMapping'
2026-06-04T09:53:13.527+05:30 DEBUG 94548 --- [CIVWBMS Backend] [           main] s.w.s.m.m.a.RequestMappingHandlerAdapter : ControllerAdvice beans: 0 @ModelAttribute, 0 @InitBinder, 1 RequestBodyAdvice, 1 ResponseBodyAdvice
2026-06-04T09:53:13.567+05:30 DEBUG 94548 --- [CIVWBMS Backend] [           main] .m.m.a.ExceptionHandlerExceptionResolver : ControllerAdvice beans: 1 @ExceptionHandler, 1 ResponseBodyAdvice
2026-06-04T09:53:13.732+05:30  INFO 94548 --- [CIVWBMS Backend] [           main] o.s.b.w.embedded.tomcat.TomcatWebServer  : Tomcat started on port 8080 (http) with context path '/'
2026-06-04T09:53:13.746+05:30 DEBUG 94548 --- [CIVWBMS Backend] [           main] .s.b.a.l.ConditionEvaluationReportLogger : 


============================
CONDITIONS EVALUATION REPORT
============================


Positive matches:
-----------------

   AopAutoConfiguration matched:
      - @ConditionalOnProperty (spring.aop.auto=true) matched (OnPropertyCondition)

   AopAutoConfiguration.ClassProxyingConfiguration matched:
      - @ConditionalOnMissingClass did not find unwanted class 'org.aspectj.weaver.Advice' (OnClassCondition)
      - @ConditionalOnProperty (spring.aop.proxy-target-class=true) matched (OnPropertyCondition)

   ApplicationAvailabilityAutoConfiguration#applicationAvailability matched:
      - @ConditionalOnMissingBean (types: org.springframework.boot.availability.ApplicationAvailability; SearchStrategy: all) did not find any beans (OnBeanCondition)

   DataSourceAutoConfiguration matched:
      - @ConditionalOnClass found required classes 'javax.sql.DataSource', 'org.springframework.jdbc.datasource.embedded.EmbeddedDatabaseType' (OnClassCondition)
      - @ConditionalOnMissingBean (types: io.r2dbc.spi.ConnectionFactory; SearchStrategy: all) did not find any beans (OnBeanCondition)

   DataSourceAutoConfiguration.PooledDataSourceConfiguration matched:
      - AnyNestedCondition 1 matched 1 did not; NestedCondition on DataSourceAutoConfiguration.PooledDataSourceCondition.PooledDataSourceAvailable PooledDataSource found supported DataSource; NestedCondition on DataSourceAutoConfiguration.PooledDataSourceCondition.ExplicitType @ConditionalOnProperty (spring.datasource.type) did not find property 'type' (DataSourceAutoConfiguration.PooledDataSourceCondition)
      - @ConditionalOnMissingBean (types: javax.sql.DataSource,javax.sql.XADataSource; SearchStrategy: all) did not find any beans (OnBeanCondition)

   DataSourceAutoConfiguration.PooledDataSourceConfiguration#jdbcConnectionDetails matched:
      - @ConditionalOnMissingBean (types: org.springframework.boot.autoconfigure.jdbc.JdbcConnectionDetails; SearchStrategy: all) did not find any beans (OnBeanCondition)

   DataSourceConfiguration.Hikari matched:
      - @ConditionalOnClass found required class 'com.zaxxer.hikari.HikariDataSource' (OnClassCondition)
      - @ConditionalOnProperty (spring.datasource.type=com.zaxxer.hikari.HikariDataSource) matched (OnPropertyCondition)
      - @ConditionalOnMissingBean (types: javax.sql.DataSource; SearchStrategy: all) did not find any beans (OnBeanCondition)

   DataSourceInitializationConfiguration matched:
      - @ConditionalOnClass found required class 'org.springframework.jdbc.datasource.init.DatabasePopulator' (OnClassCondition)
      - @ConditionalOnSingleCandidate (types: javax.sql.DataSource; SearchStrategy: all) found a single bean 'dataSource'; @ConditionalOnMissingBean (types: org.springframework.boot.autoconfigure.sql.init.SqlDataSourceScriptDatabaseInitializer,org.springframework.boot.autoconfigure.sql.init.SqlR2dbcScriptDatabaseInitializer; SearchStrategy: all) did not find any beans (OnBeanCondition)

   DataSourceJmxConfiguration matched:
      - @ConditionalOnProperty (spring.jmx.enabled=true) matched (OnPropertyCondition)

   DataSourceJmxConfiguration.Hikari matched:
      - @ConditionalOnClass found required class 'com.zaxxer.hikari.HikariDataSource' (OnClassCondition)
      - @ConditionalOnSingleCandidate (types: javax.sql.DataSource; SearchStrategy: all) found a single bean 'dataSource' (OnBeanCondition)

   DataSourcePoolMetadataProvidersConfiguration.HikariPoolDataSourceMetadataProviderConfiguration matched:
      - @ConditionalOnClass found required class 'com.zaxxer.hikari.HikariDataSource' (OnClassCondition)

   DataSourceTransactionManagerAutoConfiguration matched:
      - @ConditionalOnClass found required classes 'javax.sql.DataSource', 'org.springframework.jdbc.core.JdbcTemplate', 'org.springframework.transaction.TransactionManager' (OnClassCondition)

   DataSourceTransactionManagerAutoConfiguration.JdbcTransactionManagerConfiguration matched:
      - @ConditionalOnSingleCandidate (types: javax.sql.DataSource; SearchStrategy: all) found a single bean 'dataSource' (OnBeanCondition)

   DataSourceTransactionManagerAutoConfiguration.JdbcTransactionManagerConfiguration#transactionManager matched:
      - @ConditionalOnMissingBean (types: org.springframework.transaction.TransactionManager; SearchStrategy: all) did not find any beans (OnBeanCondition)

   DispatcherServletAutoConfiguration matched:
      - @ConditionalOnClass found required class 'org.springframework.web.servlet.DispatcherServlet' (OnClassCondition)
      - found 'session' scope (OnWebApplicationCondition)

   DispatcherServletAutoConfiguration.DispatcherServletConfiguration matched:
      - @ConditionalOnClass found required class 'jakarta.servlet.ServletRegistration' (OnClassCondition)
      - Default DispatcherServlet did not find dispatcher servlet beans (DispatcherServletAutoConfiguration.DefaultDispatcherServletCondition)

   DispatcherServletAutoConfiguration.DispatcherServletRegistrationConfiguration matched:
      - @ConditionalOnClass found required class 'jakarta.servlet.ServletRegistration' (OnClassCondition)
      - DispatcherServlet Registration did not find servlet registration bean (DispatcherServletAutoConfiguration.DispatcherServletRegistrationCondition)

   DispatcherServletAutoConfiguration.DispatcherServletRegistrationConfiguration#dispatcherServletRegistration matched:
      - @ConditionalOnBean (names: dispatcherServlet types: org.springframework.web.servlet.DispatcherServlet; SearchStrategy: all) found bean 'dispatcherServlet' (OnBeanCondition)

   EmbeddedWebServerFactoryCustomizerAutoConfiguration matched:
      - @ConditionalOnWebApplication (required) found 'session' scope (OnWebApplicationCondition)
      - @ConditionalOnWarDeployment the application is not deployed as a WAR file. (OnWarDeploymentCondition)

   EmbeddedWebServerFactoryCustomizerAutoConfiguration.TomcatWebServerFactoryCustomizerConfiguration matched:
      - @ConditionalOnClass found required classes 'org.apache.catalina.startup.Tomcat', 'org.apache.coyote.UpgradeProtocol' (OnClassCondition)

   ErrorMvcAutoConfiguration matched:
      - @ConditionalOnClass found required classes 'jakarta.servlet.Servlet', 'org.springframework.web.servlet.DispatcherServlet' (OnClassCondition)
      - found 'session' scope (OnWebApplicationCondition)

   ErrorMvcAutoConfiguration#basicErrorController matched:
      - @ConditionalOnMissingBean (types: org.springframework.boot.web.servlet.error.ErrorController; SearchStrategy: current) did not find any beans (OnBeanCondition)

   ErrorMvcAutoConfiguration#errorAttributes matched:
      - @ConditionalOnMissingBean (types: org.springframework.boot.web.servlet.error.ErrorAttributes; SearchStrategy: current) did not find any beans (OnBeanCondition)

   ErrorMvcAutoConfiguration.DefaultErrorViewResolverConfiguration#conventionErrorViewResolver matched:
      - @ConditionalOnBean (types: org.springframework.web.servlet.DispatcherServlet; SearchStrategy: all) found bean 'dispatcherServlet'; @ConditionalOnMissingBean (types: org.springframework.boot.autoconfigure.web.servlet.error.ErrorViewResolver; SearchStrategy: all) did not find any beans (OnBeanCondition)

   ErrorMvcAutoConfiguration.WhitelabelErrorViewConfiguration matched:
      - @ConditionalOnProperty (server.error.whitelabel.enabled) matched (OnPropertyCondition)
      - ErrorTemplate Missing did not find error template view (ErrorMvcAutoConfiguration.ErrorTemplateMissingCondition)

   ErrorMvcAutoConfiguration.WhitelabelErrorViewConfiguration#beanNameViewResolver matched:
      - @ConditionalOnMissingBean (types: org.springframework.web.servlet.view.BeanNameViewResolver; SearchStrategy: all) did not find any beans (OnBeanCondition)

   ErrorMvcAutoConfiguration.WhitelabelErrorViewConfiguration#defaultErrorView matched:
      - @ConditionalOnMissingBean (names: error; SearchStrategy: all) did not find any beans (OnBeanCondition)

   GenericCacheConfiguration matched:
      - Cache org.springframework.boot.autoconfigure.cache.GenericCacheConfiguration automatic cache type (CacheCondition)

   HttpEncodingAutoConfiguration matched:
      - @ConditionalOnClass found required class 'org.springframework.web.filter.CharacterEncodingFilter' (OnClassCondition)
      - found 'session' scope (OnWebApplicationCondition)
      - @ConditionalOnProperty (server.servlet.encoding.enabled) matched (OnPropertyCondition)

   HttpEncodingAutoConfiguration#characterEncodingFilter matched:
      - @ConditionalOnMissingBean (types: org.springframework.web.filter.CharacterEncodingFilter; SearchStrategy: all) did not find any beans (OnBeanCondition)

   HttpMessageConvertersAutoConfiguration matched:
      - @ConditionalOnClass found required class 'org.springframework.http.converter.HttpMessageConverter' (OnClassCondition)
      - NoneNestedConditions 0 matched 1 did not; NestedCondition on HttpMessageConvertersAutoConfiguration.NotReactiveWebApplicationCondition.ReactiveWebApplication did not find reactive web application classes (HttpMessageConvertersAutoConfiguration.NotReactiveWebApplicationCondition)

   HttpMessageConvertersAutoConfiguration#messageConverters matched:
      - @ConditionalOnMissingBean (types: org.springframework.boot.autoconfigure.http.HttpMessageConverters; SearchStrategy: all) did not find any beans (OnBeanCondition)

   HttpMessageConvertersAutoConfiguration.StringHttpMessageConverterConfiguration matched:
      - @ConditionalOnClass found required class 'org.springframework.http.converter.StringHttpMessageConverter' (OnClassCondition)

   HttpMessageConvertersAutoConfiguration.StringHttpMessageConverterConfiguration#stringHttpMessageConverter matched:
      - @ConditionalOnMissingBean (types: org.springframework.http.converter.StringHttpMessageConverter; SearchStrategy: all) did not find any beans (OnBeanCondition)

   JacksonAutoConfiguration matched:
      - @ConditionalOnClass found required class 'com.fasterxml.jackson.databind.ObjectMapper' (OnClassCondition)

   JacksonAutoConfiguration.Jackson2ObjectMapperBuilderCustomizerConfiguration matched:
      - @ConditionalOnClass found required class 'org.springframework.http.converter.json.Jackson2ObjectMapperBuilder' (OnClassCondition)

   JacksonAutoConfiguration.JacksonObjectMapperBuilderConfiguration matched:
      - @ConditionalOnClass found required class 'org.springframework.http.converter.json.Jackson2ObjectMapperBuilder' (OnClassCondition)

   JacksonAutoConfiguration.JacksonObjectMapperBuilderConfiguration#jacksonObjectMapperBuilder matched:
      - @ConditionalOnMissingBean (types: org.springframework.http.converter.json.Jackson2ObjectMapperBuilder; SearchStrategy: all) did not find any beans (OnBeanCondition)

   JacksonAutoConfiguration.JacksonObjectMapperConfiguration matched:
      - @ConditionalOnClass found required class 'org.springframework.http.converter.json.Jackson2ObjectMapperBuilder' (OnClassCondition)

   JacksonAutoConfiguration.JacksonObjectMapperConfiguration#jacksonObjectMapper matched:
      - @ConditionalOnMissingBean (types: com.fasterxml.jackson.databind.ObjectMapper; SearchStrategy: all) did not find any beans (OnBeanCondition)

   JacksonAutoConfiguration.ParameterNamesModuleConfiguration matched:
      - @ConditionalOnClass found required class 'com.fasterxml.jackson.module.paramnames.ParameterNamesModule' (OnClassCondition)

   JacksonAutoConfiguration.ParameterNamesModuleConfiguration#parameterNamesModule matched:
      - @ConditionalOnMissingBean (types: com.fasterxml.jackson.module.paramnames.ParameterNamesModule; SearchStrategy: all) did not find any beans (OnBeanCondition)

   JacksonHttpMessageConvertersConfiguration.MappingJackson2HttpMessageConverterConfiguration matched:
      - @ConditionalOnClass found required class 'com.fasterxml.jackson.databind.ObjectMapper' (OnClassCondition)
      - @ConditionalOnProperty (spring.mvc.converters.preferred-json-mapper=jackson) matched (OnPropertyCondition)
      - @ConditionalOnBean (types: com.fasterxml.jackson.databind.ObjectMapper; SearchStrategy: all) found bean 'jacksonObjectMapper' (OnBeanCondition)

   JacksonHttpMessageConvertersConfiguration.MappingJackson2HttpMessageConverterConfiguration#mappingJackson2HttpMessageConverter matched:
      - @ConditionalOnMissingBean (types: org.springframework.http.converter.json.MappingJackson2HttpMessageConverter ignored: org.springframework.hateoas.server.mvc.TypeConstrainedMappingJackson2HttpMessageConverter,org.springframework.data.rest.webmvc.alps.AlpsJsonHttpMessageConverter; SearchStrategy: all) did not find any beans (OnBeanCondition)

   JdbcClientAutoConfiguration matched:
      - @ConditionalOnSingleCandidate (types: org.springframework.jdbc.core.namedparam.NamedParameterJdbcTemplate; SearchStrategy: all) found a single bean 'namedParameterJdbcTemplate'; @ConditionalOnMissingBean (types: org.springframework.jdbc.core.simple.JdbcClient; SearchStrategy: all) did not find any beans (OnBeanCondition)

   JdbcTemplateAutoConfiguration matched:
      - @ConditionalOnClass found required classes 'javax.sql.DataSource', 'org.springframework.jdbc.core.JdbcTemplate' (OnClassCondition)
      - @ConditionalOnSingleCandidate (types: javax.sql.DataSource; SearchStrategy: all) found a single bean 'dataSource' (OnBeanCondition)

   JdbcTemplateConfiguration matched:
      - @ConditionalOnMissingBean (types: org.springframework.jdbc.core.JdbcOperations; SearchStrategy: all) did not find any beans (OnBeanCondition)

   LifecycleAutoConfiguration#defaultLifecycleProcessor matched:
      - @ConditionalOnMissingBean (names: lifecycleProcessor; SearchStrategy: current) did not find any beans (OnBeanCondition)

   MultipartAutoConfiguration matched:
      - @ConditionalOnClass found required classes 'jakarta.servlet.Servlet', 'org.springframework.web.multipart.support.StandardServletMultipartResolver', 'jakarta.servlet.MultipartConfigElement' (OnClassCondition)
      - found 'session' scope (OnWebApplicationCondition)
      - @ConditionalOnProperty (spring.servlet.multipart.enabled) matched (OnPropertyCondition)

   MultipartAutoConfiguration#multipartConfigElement matched:
      - @ConditionalOnMissingBean (types: jakarta.servlet.MultipartConfigElement; SearchStrategy: all) did not find any beans (OnBeanCondition)

   MultipartAutoConfiguration#multipartResolver matched:
      - @ConditionalOnMissingBean (types: org.springframework.web.multipart.MultipartResolver; SearchStrategy: all) did not find any beans (OnBeanCondition)

   NamedParameterJdbcTemplateConfiguration matched:
      - @ConditionalOnSingleCandidate (types: org.springframework.jdbc.core.JdbcTemplate; SearchStrategy: all) found a single bean 'jdbcTemplate'; @ConditionalOnMissingBean (types: org.springframework.jdbc.core.namedparam.NamedParameterJdbcOperations; SearchStrategy: all) did not find any beans (OnBeanCondition)

   NoOpCacheConfiguration matched:
      - Cache org.springframework.boot.autoconfigure.cache.NoOpCacheConfiguration automatic cache type (CacheCondition)

   PersistenceExceptionTranslationAutoConfiguration matched:
      - @ConditionalOnClass found required class 'org.springframework.dao.annotation.PersistenceExceptionTranslationPostProcessor' (OnClassCondition)

   PersistenceExceptionTranslationAutoConfiguration#persistenceExceptionTranslationPostProcessor matched:
      - @ConditionalOnProperty (spring.dao.exceptiontranslation.enabled) matched (OnPropertyCondition)
      - @ConditionalOnMissingBean (types: org.springframework.dao.annotation.PersistenceExceptionTranslationPostProcessor; SearchStrategy: all) did not find any beans (OnBeanCondition)

   PropertyPlaceholderAutoConfiguration#propertySourcesPlaceholderConfigurer matched:
      - @ConditionalOnMissingBean (types: org.springframework.context.support.PropertySourcesPlaceholderConfigurer; SearchStrategy: current) did not find any beans (OnBeanCondition)

   RestClientAutoConfiguration matched:
      - @ConditionalOnClass found required class 'org.springframework.web.client.RestClient' (OnClassCondition)
      - NoneNestedConditions 0 matched 1 did not; NestedCondition on NotReactiveWebApplicationCondition.ReactiveWebApplication did not find reactive web application classes (NotReactiveWebApplicationCondition)

   RestClientAutoConfiguration#httpMessageConvertersRestClientCustomizer matched:
      - @ConditionalOnMissingBean (types: org.springframework.boot.autoconfigure.web.client.HttpMessageConvertersRestClientCustomizer; SearchStrategy: all) did not find any beans (OnBeanCondition)

   RestClientAutoConfiguration#restClientBuilder matched:
      - @ConditionalOnMissingBean (types: org.springframework.web.client.RestClient$Builder; SearchStrategy: all) did not find any beans (OnBeanCondition)

   RestClientAutoConfiguration#restClientBuilderConfigurer matched:
      - @ConditionalOnMissingBean (types: org.springframework.boot.autoconfigure.web.client.RestClientBuilderConfigurer; SearchStrategy: all) did not find any beans (OnBeanCondition)

   RestClientAutoConfiguration#restClientSsl matched:
      - @ConditionalOnBean (types: org.springframework.boot.ssl.SslBundles; SearchStrategy: all) found bean 'sslBundleRegistry'; @ConditionalOnMissingBean (types: org.springframework.boot.autoconfigure.web.client.RestClientSsl; SearchStrategy: all) did not find any beans (OnBeanCondition)

   RestTemplateAutoConfiguration matched:
      - @ConditionalOnClass found required class 'org.springframework.web.client.RestTemplate' (OnClassCondition)
      - NoneNestedConditions 0 matched 1 did not; NestedCondition on NotReactiveWebApplicationCondition.ReactiveWebApplication did not find reactive web application classes (NotReactiveWebApplicationCondition)

   RestTemplateAutoConfiguration#restTemplateBuilder matched:
      - @ConditionalOnMissingBean (types: org.springframework.boot.web.client.RestTemplateBuilder; SearchStrategy: all) did not find any beans (OnBeanCondition)

   SecurityAutoConfiguration matched:
      - @ConditionalOnClass found required class 'org.springframework.security.authentication.DefaultAuthenticationEventPublisher' (OnClassCondition)

   SecurityAutoConfiguration#authenticationEventPublisher matched:
      - @ConditionalOnMissingBean (types: org.springframework.security.authentication.AuthenticationEventPublisher; SearchStrategy: all) did not find any beans (OnBeanCondition)

   SecurityFilterAutoConfiguration matched:
      - @ConditionalOnClass found required classes 'org.springframework.security.web.context.AbstractSecurityWebApplicationInitializer', 'org.springframework.security.config.http.SessionCreationPolicy' (OnClassCondition)
      - found 'session' scope (OnWebApplicationCondition)

   SecurityFilterAutoConfiguration#securityFilterChainRegistration matched:
      - @ConditionalOnBean (names: springSecurityFilterChain; SearchStrategy: all) found bean 'springSecurityFilterChain' (OnBeanCondition)

   ServletWebServerFactoryAutoConfiguration matched:
      - @ConditionalOnClass found required class 'jakarta.servlet.ServletRequest' (OnClassCondition)
      - found 'session' scope (OnWebApplicationCondition)

   ServletWebServerFactoryAutoConfiguration#tomcatServletWebServerFactoryCustomizer matched:
      - @ConditionalOnClass found required class 'org.apache.catalina.startup.Tomcat' (OnClassCondition)

   ServletWebServerFactoryConfiguration.EmbeddedTomcat matched:
      - @ConditionalOnClass found required classes 'jakarta.servlet.Servlet', 'org.apache.catalina.startup.Tomcat', 'org.apache.coyote.UpgradeProtocol' (OnClassCondition)
      - @ConditionalOnMissingBean (types: org.springframework.boot.web.servlet.server.ServletWebServerFactory; SearchStrategy: current) did not find any beans (OnBeanCondition)

   SimpleCacheConfiguration matched:
      - Cache org.springframework.boot.autoconfigure.cache.SimpleCacheConfiguration automatic cache type (CacheCondition)

   SpringBootWebSecurityConfiguration matched:
      - found 'session' scope (OnWebApplicationCondition)

   SpringBootWebSecurityConfiguration.WebSecurityEnablerConfiguration matched:
      - @ConditionalOnClass found required class 'org.springframework.security.config.annotation.web.configuration.EnableWebSecurity' (OnClassCondition)
      - @ConditionalOnMissingBean (names: springSecurityFilterChain; SearchStrategy: all) did not find any beans (OnBeanCondition)

   SpringDocConfigProperties matched:
      - @ConditionalOnProperty (springdoc.api-docs.enabled) matched (OnPropertyCondition)
      - @ConditionalOnBean (types: org.springdoc.core.configuration.SpringDocConfiguration; SearchStrategy: all) found bean 'org.springdoc.core.configuration.SpringDocConfiguration' (OnBeanCondition)

   SpringDocConfiguration matched:
      - @ConditionalOnWebApplication (required) found 'session' scope (OnWebApplicationCondition)
      - @ConditionalOnProperty (springdoc.api-docs.enabled) matched (OnPropertyCondition)

   SpringDocConfiguration#fileSupportConverter matched:
      - @ConditionalOnMissingBean (types: org.springdoc.core.converters.FileSupportConverter; SearchStrategy: all) did not find any beans (OnBeanCondition)

   SpringDocConfiguration#openAPIBuilder matched:
      - @ConditionalOnMissingBean (types: org.springdoc.core.service.OpenAPIService; SearchStrategy: all) did not find any beans (OnBeanCondition)

   SpringDocConfiguration#operationBuilder matched:
      - @ConditionalOnMissingBean (types: org.springdoc.core.service.OperationService; SearchStrategy: all) did not find any beans (OnBeanCondition)

   SpringDocConfiguration#parameterBuilder matched:
      - @ConditionalOnMissingBean (types: org.springdoc.core.service.GenericParameterService; SearchStrategy: all) did not find any beans (OnBeanCondition)

   SpringDocConfiguration#polymorphicModelConverter matched:
      - @ConditionalOnProperty (springdoc.model-converters.polymorphic-converter.enabled) matched (OnPropertyCondition)
      - @ConditionalOnMissingBean (types: org.springdoc.core.converters.PolymorphicModelConverter; SearchStrategy: all) did not find any beans (OnBeanCondition)

   SpringDocConfiguration#requestBodyBuilder matched:
      - @ConditionalOnMissingBean (types: org.springdoc.core.service.RequestBodyService; SearchStrategy: all) did not find any beans (OnBeanCondition)

   SpringDocConfiguration#responseSupportConverter matched:
      - @ConditionalOnMissingBean (types: org.springdoc.core.converters.ResponseSupportConverter; SearchStrategy: all) did not find any beans (OnBeanCondition)

   SpringDocConfiguration#schemaPropertyDeprecatingConverter matched:
      - @ConditionalOnProperty (springdoc.model-converters.deprecating-converter.enabled) matched (OnPropertyCondition)
      - @ConditionalOnMissingBean (types: org.springdoc.core.converters.SchemaPropertyDeprecatingConverter; SearchStrategy: all) did not find any beans (OnBeanCondition)

   SpringDocConfiguration#securityParser matched:
      - @ConditionalOnMissingBean (types: org.springdoc.core.service.SecurityService; SearchStrategy: all) did not find any beans (OnBeanCondition)

   SpringDocConfiguration#springDocCustomizers matched:
      - @ConditionalOnMissingBean (types: org.springdoc.core.customizers.SpringDocCustomizers; SearchStrategy: all) did not find any beans (OnBeanCondition)

   SpringDocConfiguration#springDocProviders matched:
      - @ConditionalOnMissingBean (types: org.springdoc.core.providers.SpringDocProviders; SearchStrategy: all) did not find any beans (OnBeanCondition)

   SpringDocConfiguration#springdocObjectMapperProvider matched:
      - @ConditionalOnMissingBean (types: org.springdoc.core.providers.ObjectMapperProvider; SearchStrategy: all) did not find any beans (OnBeanCondition)

   SpringDocConfiguration.SpringDocSpringDataWebPropertiesProvider matched:
      - @ConditionalOnClass found required class 'org.springframework.boot.autoconfigure.data.web.SpringDataWebProperties' (OnClassCondition)

   SpringDocConfiguration.SpringDocSpringDataWebPropertiesProvider#springDataWebPropertiesProvider matched:
      - @ConditionalOnMissingBean (types: org.springdoc.core.providers.SpringDataWebPropertiesProvider; SearchStrategy: all) did not find any beans (OnBeanCondition)

   SpringDocConfiguration.WebConversionServiceConfiguration matched:
      - @ConditionalOnClass found required class 'org.springframework.boot.autoconfigure.web.format.WebConversionService' (OnClassCondition)

   SpringDocSecurityConfiguration matched:
      - @ConditionalOnClass found required class 'org.springframework.security.web.SecurityFilterChain' (OnClassCondition)
      - @ConditionalOnWebApplication (required) found 'session' scope (OnWebApplicationCondition)
      - @ConditionalOnExpression (#{${springdoc.api-docs.enabled:true} and ${springdoc.enable-spring-security:true}}) resulted in true (OnExpressionCondition)
      - @ConditionalOnBean (types: org.springdoc.core.configuration.SpringDocConfiguration; SearchStrategy: all) found bean 'org.springdoc.core.configuration.SpringDocConfiguration' (OnBeanCondition)

   SpringDocSecurityConfiguration.SpringSecurityLoginEndpointConfiguration matched:
      - @ConditionalOnClass found required class 'jakarta.servlet.Filter' (OnClassCondition)

   SpringDocUIConfiguration matched:
      - @ConditionalOnWebApplication (required) found 'session' scope (OnWebApplicationCondition)
      - @ConditionalOnBean (types: org.springdoc.core.configuration.SpringDocConfiguration; SearchStrategy: all) found bean 'org.springdoc.core.configuration.SpringDocConfiguration' (OnBeanCondition)

   SpringDocWebMvcConfiguration matched:
      - found 'session' scope (OnWebApplicationCondition)
      - @ConditionalOnProperty (springdoc.api-docs.enabled) matched (OnPropertyCondition)
      - @ConditionalOnBean (types: org.springdoc.core.configuration.SpringDocConfiguration; SearchStrategy: all) found bean 'org.springdoc.core.configuration.SpringDocConfiguration' (OnBeanCondition)

   SpringDocWebMvcConfiguration#openApiResource matched:
      - @ConditionalOnExpression (#{(${springdoc.use-management-port:false} == false ) and ${springdoc.enable-default-api-docs:true}}) resulted in true (OnExpressionCondition)
      - @ConditionalOnMissingBean (types: org.springdoc.webmvc.api.OpenApiWebMvcResource; SearchStrategy: all) did not find any beans (OnBeanCondition)

   SpringDocWebMvcConfiguration#requestBuilder matched:
      - @ConditionalOnMissingBean (types: org.springdoc.webmvc.core.service.RequestService; SearchStrategy: all) did not find any beans (OnBeanCondition)

   SpringDocWebMvcConfiguration#responseBuilder matched:
      - @ConditionalOnMissingBean (types: org.springdoc.core.service.GenericResponseService; SearchStrategy: all) did not find any beans (OnBeanCondition)

   SpringDocWebMvcConfiguration#springWebProvider matched:
      - @ConditionalOnMissingBean (types: org.springdoc.core.providers.SpringWebProvider; SearchStrategy: all) did not find any beans (OnBeanCondition)

   SpringDocWebMvcConfiguration.SpringDocWebMvcRouterConfiguration matched:
      - @ConditionalOnClass found required class 'org.springframework.web.servlet.function.RouterFunction' (OnClassCondition)

   SpringDocWebMvcConfiguration.SpringDocWebMvcRouterConfiguration#routerFunctionProvider matched:
      - @ConditionalOnMissingBean (types: org.springdoc.webmvc.core.providers.RouterFunctionWebMvcProvider; SearchStrategy: all) did not find any beans (OnBeanCondition)

   SqlInitializationAutoConfiguration matched:
      - @ConditionalOnProperty (spring.sql.init.enabled) matched (OnPropertyCondition)
      - NoneNestedConditions 0 matched 1 did not; NestedCondition on SqlInitializationAutoConfiguration.SqlInitializationModeCondition.ModeIsNever @ConditionalOnProperty (spring.sql.init.mode=never) did not find property 'mode' (SqlInitializationAutoConfiguration.SqlInitializationModeCondition)

   SslAutoConfiguration#sslBundleRegistry matched:
      - @ConditionalOnMissingBean (types: org.springframework.boot.ssl.SslBundleRegistry,org.springframework.boot.ssl.SslBundles; SearchStrategy: all) did not find any beans (OnBeanCondition)

   SwaggerConfig matched:
      - found 'session' scope (OnWebApplicationCondition)
      - @ConditionalOnProperty (springdoc.swagger-ui.enabled) matched (OnPropertyCondition)
      - @ConditionalOnBean (types: org.springdoc.core.configuration.SpringDocConfiguration; SearchStrategy: all) found bean 'org.springdoc.core.configuration.SpringDocConfiguration' (OnBeanCondition)

   SwaggerConfig#indexPageTransformer matched:
      - @ConditionalOnMissingBean (types: org.springdoc.webmvc.ui.SwaggerIndexTransformer; SearchStrategy: all) did not find any beans (OnBeanCondition)

   SwaggerConfig#swaggerConfigResource matched:
      - @ConditionalOnProperty (springdoc.use-management-port=false) matched (OnPropertyCondition)
      - @ConditionalOnMissingBean (types: org.springdoc.webmvc.ui.SwaggerConfigResource; SearchStrategy: all) did not find any beans (OnBeanCondition)

   SwaggerConfig#swaggerResourceResolver matched:
      - @ConditionalOnMissingBean (types: org.springdoc.webmvc.ui.SwaggerResourceResolver; SearchStrategy: all) did not find any beans (OnBeanCondition)

   SwaggerConfig#swaggerWebMvcConfigurer matched:
      - @ConditionalOnMissingBean (types: org.springdoc.webmvc.ui.SwaggerWebMvcConfigurer; SearchStrategy: all) did not find any beans (OnBeanCondition)

   SwaggerConfig#swaggerWelcome matched:
      - @ConditionalOnProperty (springdoc.use-management-port=false) matched (OnPropertyCondition)
      - @ConditionalOnMissingBean (types: org.springdoc.webmvc.ui.SwaggerWelcomeWebMvc; SearchStrategy: all) did not find any beans (OnBeanCondition)

   SwaggerUiConfigParameters matched:
      - @ConditionalOnProperty (springdoc.swagger-ui.enabled) matched (OnPropertyCondition)
      - @ConditionalOnBean (types: org.springdoc.core.configuration.SpringDocConfiguration; SearchStrategy: all) found bean 'org.springdoc.core.configuration.SpringDocConfiguration' (OnBeanCondition)

   SwaggerUiConfigProperties matched:
      - @ConditionalOnProperty (springdoc.swagger-ui.enabled) matched (OnPropertyCondition)
      - @ConditionalOnBean (types: org.springdoc.core.configuration.SpringDocConfiguration; SearchStrategy: all) found bean 'org.springdoc.core.configuration.SpringDocConfiguration' (OnBeanCondition)

   SwaggerUiOAuthProperties matched:
      - @ConditionalOnProperty (springdoc.swagger-ui.enabled) matched (OnPropertyCondition)
      - @ConditionalOnBean (types: org.springdoc.core.configuration.SpringDocConfiguration; SearchStrategy: all) found bean 'org.springdoc.core.configuration.SpringDocConfiguration' (OnBeanCondition)

   TaskExecutionAutoConfiguration matched:
      - @ConditionalOnClass found required class 'org.springframework.scheduling.concurrent.ThreadPoolTaskExecutor' (OnClassCondition)

   TaskExecutorConfigurations.SimpleAsyncTaskExecutorBuilderConfiguration#simpleAsyncTaskExecutorBuilder matched:
      - @ConditionalOnMissingBean (types: org.springframework.boot.task.SimpleAsyncTaskExecutorBuilder; SearchStrategy: all) did not find any beans (OnBeanCondition)
      - @ConditionalOnThreading found PLATFORM (OnThreadingCondition)

   TaskExecutorConfigurations.TaskExecutorBuilderConfiguration#taskExecutorBuilder matched:
      - @ConditionalOnMissingBean (types: org.springframework.boot.task.TaskExecutorBuilder; SearchStrategy: all) did not find any beans (OnBeanCondition)

   TaskExecutorConfigurations.TaskExecutorConfiguration matched:
      - @ConditionalOnMissingBean (types: java.util.concurrent.Executor; SearchStrategy: all) did not find any beans (OnBeanCondition)

   TaskExecutorConfigurations.TaskExecutorConfiguration#applicationTaskExecutor matched:
      - @ConditionalOnThreading found PLATFORM (OnThreadingCondition)

   TaskExecutorConfigurations.ThreadPoolTaskExecutorBuilderConfiguration#threadPoolTaskExecutorBuilder matched:
      - @ConditionalOnMissingBean (types: org.springframework.boot.task.TaskExecutorBuilder,org.springframework.boot.task.ThreadPoolTaskExecutorBuilder; SearchStrategy: all) did not find any beans (OnBeanCondition)

   TaskSchedulingAutoConfiguration matched:
      - @ConditionalOnClass found required class 'org.springframework.scheduling.concurrent.ThreadPoolTaskScheduler' (OnClassCondition)

   TaskSchedulingConfigurations.SimpleAsyncTaskSchedulerBuilderConfiguration#simpleAsyncTaskSchedulerBuilder matched:
      - @ConditionalOnMissingBean (types: org.springframework.boot.task.SimpleAsyncTaskSchedulerBuilder; SearchStrategy: all) did not find any beans (OnBeanCondition)
      - @ConditionalOnThreading found PLATFORM (OnThreadingCondition)

   TaskSchedulingConfigurations.TaskSchedulerBuilderConfiguration#taskSchedulerBuilder matched:
      - @ConditionalOnMissingBean (types: org.springframework.boot.task.TaskSchedulerBuilder; SearchStrategy: all) did not find any beans (OnBeanCondition)

   TaskSchedulingConfigurations.ThreadPoolTaskSchedulerBuilderConfiguration#threadPoolTaskSchedulerBuilder matched:
      - @ConditionalOnMissingBean (types: org.springframework.boot.task.TaskSchedulerBuilder,org.springframework.boot.task.ThreadPoolTaskSchedulerBuilder; SearchStrategy: all) did not find any beans (OnBeanCondition)

   TransactionAutoConfiguration matched:
      - @ConditionalOnClass found required class 'org.springframework.transaction.PlatformTransactionManager' (OnClassCondition)

   TransactionAutoConfiguration.EnableTransactionManagementConfiguration matched:
      - @ConditionalOnBean (types: org.springframework.transaction.TransactionManager; SearchStrategy: all) found bean 'transactionManager'; @ConditionalOnMissingBean (types: org.springframework.transaction.annotation.AbstractTransactionManagementConfiguration; SearchStrategy: all) did not find any beans (OnBeanCondition)

   TransactionAutoConfiguration.EnableTransactionManagementConfiguration.CglibAutoProxyConfiguration matched:
      - @ConditionalOnProperty (spring.aop.proxy-target-class=true) matched (OnPropertyCondition)

   TransactionAutoConfiguration.TransactionTemplateConfiguration matched:
      - @ConditionalOnSingleCandidate (types: org.springframework.transaction.PlatformTransactionManager; SearchStrategy: all) found a single bean 'transactionManager' (OnBeanCondition)

   TransactionAutoConfiguration.TransactionTemplateConfiguration#transactionTemplate matched:
      - @ConditionalOnMissingBean (types: org.springframework.transaction.support.TransactionOperations; SearchStrategy: all) did not find any beans (OnBeanCondition)

   TransactionManagerCustomizationAutoConfiguration matched:
      - @ConditionalOnClass found required class 'org.springframework.transaction.PlatformTransactionManager' (OnClassCondition)

   TransactionManagerCustomizationAutoConfiguration#platformTransactionManagerCustomizers matched:
      - @ConditionalOnMissingBean (types: org.springframework.boot.autoconfigure.transaction.TransactionManagerCustomizers; SearchStrategy: all) did not find any beans (OnBeanCondition)

   UserDetailsServiceAutoConfiguration matched:
      - @ConditionalOnClass found required class 'org.springframework.security.authentication.AuthenticationManager' (OnClassCondition)
      - AnyNestedCondition 1 matched 2 did not; NestedCondition on UserDetailsServiceAutoConfiguration.MissingAlternativeOrUserPropertiesConfigured.PasswordConfigured @ConditionalOnProperty (spring.security.user.password) did not find property 'password'; NestedCondition on UserDetailsServiceAutoConfiguration.MissingAlternativeOrUserPropertiesConfigured.NameConfigured @ConditionalOnProperty (spring.security.user.name) did not find property 'name'; NestedCondition on UserDetailsServiceAutoConfiguration.MissingAlternativeOrUserPropertiesConfigured.MissingAlternative @ConditionalOnMissingClass did not find unwanted classes 'org.springframework.security.oauth2.client.registration.ClientRegistrationRepository', 'org.springframework.security.oauth2.server.resource.introspection.OpaqueTokenIntrospector', 'org.springframework.security.saml2.provider.service.registration.RelyingPartyRegistrationRepository' (UserDetailsServiceAutoConfiguration.MissingAlternativeOrUserPropertiesConfigured)
      - @ConditionalOnBean (types: org.springframework.security.config.annotation.ObjectPostProcessor; SearchStrategy: all) found bean 'objectPostProcessor'; @ConditionalOnMissingBean (types: org.springframework.security.authentication.AuthenticationManager,org.springframework.security.authentication.AuthenticationProvider,org.springframework.security.core.userdetails.UserDetailsService,org.springframework.security.authentication.AuthenticationManagerResolver,org.springframework.security.oauth2.jwt.JwtDecoder; SearchStrategy: all) did not find any beans (OnBeanCondition)

   WebMvcAutoConfiguration matched:
      - @ConditionalOnClass found required classes 'jakarta.servlet.Servlet', 'org.springframework.web.servlet.DispatcherServlet', 'org.springframework.web.servlet.config.annotation.WebMvcConfigurer' (OnClassCondition)
      - found 'session' scope (OnWebApplicationCondition)
      - @ConditionalOnMissingBean (types: org.springframework.web.servlet.config.annotation.WebMvcConfigurationSupport; SearchStrategy: all) did not find any beans (OnBeanCondition)

   WebMvcAutoConfiguration#formContentFilter matched:
      - @ConditionalOnProperty (spring.mvc.formcontent.filter.enabled) matched (OnPropertyCondition)
      - @ConditionalOnMissingBean (types: org.springframework.web.filter.FormContentFilter; SearchStrategy: all) did not find any beans (OnBeanCondition)

   WebMvcAutoConfiguration.EnableWebMvcConfiguration#flashMapManager matched:
      - @ConditionalOnMissingBean (names: flashMapManager; SearchStrategy: all) did not find any beans (OnBeanCondition)

   WebMvcAutoConfiguration.EnableWebMvcConfiguration#localeResolver matched:
      - @ConditionalOnMissingBean (names: localeResolver; SearchStrategy: all) did not find any beans (OnBeanCondition)

   WebMvcAutoConfiguration.EnableWebMvcConfiguration#themeResolver matched:
      - @ConditionalOnMissingBean (names: themeResolver; SearchStrategy: all) did not find any beans (OnBeanCondition)

   WebMvcAutoConfiguration.WebMvcAutoConfigurationAdapter#defaultViewResolver matched:
      - @ConditionalOnMissingBean (types: org.springframework.web.servlet.view.InternalResourceViewResolver; SearchStrategy: all) did not find any beans (OnBeanCondition)

   WebMvcAutoConfiguration.WebMvcAutoConfigurationAdapter#requestContextFilter matched:
      - @ConditionalOnMissingBean (types: org.springframework.web.context.request.RequestContextListener,org.springframework.web.filter.RequestContextFilter; SearchStrategy: all) did not find any beans (OnBeanCondition)

   WebMvcAutoConfiguration.WebMvcAutoConfigurationAdapter#viewResolver matched:
      - @ConditionalOnBean (types: org.springframework.web.servlet.ViewResolver; SearchStrategy: all) found beans 'defaultViewResolver', 'beanNameViewResolver', 'mvcViewResolver'; @ConditionalOnMissingBean (names: viewResolver types: org.springframework.web.servlet.view.ContentNegotiatingViewResolver; SearchStrategy: all) did not find any beans (OnBeanCondition)

   WebSocketServletAutoConfiguration matched:
      - @ConditionalOnClass found required classes 'jakarta.servlet.Servlet', 'jakarta.websocket.server.ServerContainer' (OnClassCondition)
      - found 'session' scope (OnWebApplicationCondition)

   WebSocketServletAutoConfiguration.TomcatWebSocketConfiguration matched:
      - @ConditionalOnClass found required classes 'org.apache.catalina.startup.Tomcat', 'org.apache.tomcat.websocket.server.WsSci' (OnClassCondition)

   WebSocketServletAutoConfiguration.TomcatWebSocketConfiguration#websocketServletWebServerCustomizer matched:
      - @ConditionalOnMissingBean (names: websocketServletWebServerCustomizer; SearchStrategy: all) did not find any beans (OnBeanCondition)


Negative matches:
-----------------

   ActiveMQAutoConfiguration:
      Did not match:
         - @ConditionalOnClass did not find required class 'jakarta.jms.ConnectionFactory' (OnClassCondition)

   AopAutoConfiguration.AspectJAutoProxyingConfiguration:
      Did not match:
         - @ConditionalOnClass did not find required class 'org.aspectj.weaver.Advice' (OnClassCondition)

   ArtemisAutoConfiguration:
      Did not match:
         - @ConditionalOnClass did not find required class 'jakarta.jms.ConnectionFactory' (OnClassCondition)

   BatchAutoConfiguration:
      Did not match:
         - @ConditionalOnClass did not find required class 'org.springframework.batch.core.launch.JobLauncher' (OnClassCondition)

   Cache2kCacheConfiguration:
      Did not match:
         - @ConditionalOnClass did not find required class 'org.cache2k.Cache2kBuilder' (OnClassCondition)

   CacheAutoConfiguration:
      Did not match:
         - @ConditionalOnBean (types: org.springframework.cache.interceptor.CacheAspectSupport; SearchStrategy: all) did not find any beans of type org.springframework.cache.interceptor.CacheAspectSupport (OnBeanCondition)
      Matched:
         - @ConditionalOnClass found required class 'org.springframework.cache.CacheManager' (OnClassCondition)

   CacheAutoConfiguration.CacheManagerEntityManagerFactoryDependsOnPostProcessor:
      Did not match:
         - @ConditionalOnClass did not find required class 'org.springframework.orm.jpa.LocalContainerEntityManagerFactoryBean' (OnClassCondition)
         - Ancestor org.springframework.boot.autoconfigure.cache.CacheAutoConfiguration did not match (ConditionEvaluationReport.AncestorsMatchedCondition)

   CaffeineCacheConfiguration:
      Did not match:
         - @ConditionalOnClass did not find required class 'com.github.benmanes.caffeine.cache.Caffeine' (OnClassCondition)

   CassandraAutoConfiguration:
      Did not match:
         - @ConditionalOnClass did not find required class 'com.datastax.oss.driver.api.core.CqlSession' (OnClassCondition)

   CassandraDataAutoConfiguration:
      Did not match:
         - @ConditionalOnClass did not find required class 'com.datastax.oss.driver.api.core.CqlSession' (OnClassCondition)

   CassandraReactiveDataAutoConfiguration:
      Did not match:
         - @ConditionalOnClass did not find required class 'com.datastax.oss.driver.api.core.CqlSession' (OnClassCondition)

   CassandraReactiveRepositoriesAutoConfiguration:
      Did not match:
         - @ConditionalOnClass did not find required class 'org.springframework.data.cassandra.ReactiveSession' (OnClassCondition)

   CassandraRepositoriesAutoConfiguration:
      Did not match:
         - @ConditionalOnClass did not find required class 'com.datastax.oss.driver.api.core.CqlSession' (OnClassCondition)

   ClientHttpConnectorAutoConfiguration:
      Did not match:
         - @ConditionalOnClass did not find required class 'org.springframework.web.reactive.function.client.WebClient' (OnClassCondition)

   CodecsAutoConfiguration:
      Did not match:
         - @ConditionalOnClass did not find required class 'org.springframework.web.reactive.function.client.WebClient' (OnClassCondition)

   CouchbaseAutoConfiguration:
      Did not match:
         - @ConditionalOnClass did not find required class 'com.couchbase.client.java.Cluster' (OnClassCondition)

   CouchbaseCacheConfiguration:
      Did not match:
         - @ConditionalOnClass did not find required class 'com.couchbase.client.java.Cluster' (OnClassCondition)

   CouchbaseDataAutoConfiguration:
      Did not match:
         - @ConditionalOnClass did not find required class 'com.couchbase.client.java.Bucket' (OnClassCondition)

   CouchbaseReactiveDataAutoConfiguration:
      Did not match:
         - @ConditionalOnClass did not find required class 'com.couchbase.client.java.Cluster' (OnClassCondition)

   CouchbaseReactiveRepositoriesAutoConfiguration:
      Did not match:
         - @ConditionalOnClass did not find required class 'com.couchbase.client.java.Cluster' (OnClassCondition)

   CouchbaseRepositoriesAutoConfiguration:
      Did not match:
         - @ConditionalOnClass did not find required class 'com.couchbase.client.java.Bucket' (OnClassCondition)

   DataSourceAutoConfiguration.EmbeddedDatabaseConfiguration:
      Did not match:
         - EmbeddedDataSource spring.datasource.url is set (DataSourceAutoConfiguration.EmbeddedDatabaseCondition)

   DataSourceCheckpointRestoreConfiguration:
      Did not match:
         - @ConditionalOnClass did not find required class 'org.crac.Resource' (OnClassCondition)

   DataSourceConfiguration.Dbcp2:
      Did not match:
         - @ConditionalOnClass did not find required class 'org.apache.commons.dbcp2.BasicDataSource' (OnClassCondition)

   DataSourceConfiguration.Generic:
      Did not match:
         - @ConditionalOnProperty (spring.datasource.type) did not find property 'spring.datasource.type' (OnPropertyCondition)

   DataSourceConfiguration.OracleUcp:
      Did not match:
         - @ConditionalOnClass did not find required classes 'oracle.ucp.jdbc.PoolDataSourceImpl', 'oracle.jdbc.OracleConnection' (OnClassCondition)

   DataSourceConfiguration.Tomcat:
      Did not match:
         - @ConditionalOnClass did not find required class 'org.apache.tomcat.jdbc.pool.DataSource' (OnClassCondition)

   DataSourceJmxConfiguration.TomcatDataSourceJmxConfiguration:
      Did not match:
         - @ConditionalOnClass did not find required class 'org.apache.tomcat.jdbc.pool.DataSourceProxy' (OnClassCondition)

   DataSourcePoolMetadataProvidersConfiguration.CommonsDbcp2PoolDataSourceMetadataProviderConfiguration:
      Did not match:
         - @ConditionalOnClass did not find required class 'org.apache.commons.dbcp2.BasicDataSource' (OnClassCondition)

   DataSourcePoolMetadataProvidersConfiguration.OracleUcpPoolDataSourceMetadataProviderConfiguration:
      Did not match:
         - @ConditionalOnClass did not find required classes 'oracle.ucp.jdbc.PoolDataSource', 'oracle.jdbc.OracleConnection' (OnClassCondition)

   DataSourcePoolMetadataProvidersConfiguration.TomcatDataSourcePoolMetadataProviderConfiguration:
      Did not match:
         - @ConditionalOnClass did not find required class 'org.apache.tomcat.jdbc.pool.DataSource' (OnClassCondition)

   DispatcherServletAutoConfiguration.DispatcherServletConfiguration#multipartResolver:
      Did not match:
         - @ConditionalOnBean (types: org.springframework.web.multipart.MultipartResolver; SearchStrategy: all) did not find any beans of type org.springframework.web.multipart.MultipartResolver (OnBeanCondition)

   ElasticsearchClientAutoConfiguration:
      Did not match:
         - @ConditionalOnClass did not find required class 'co.elastic.clients.elasticsearch.ElasticsearchClient' (OnClassCondition)

   ElasticsearchDataAutoConfiguration:
      Did not match:
         - @ConditionalOnClass did not find required class 'org.springframework.data.elasticsearch.client.elc.ElasticsearchTemplate' (OnClassCondition)

   ElasticsearchRepositoriesAutoConfiguration:
      Did not match:
         - @ConditionalOnClass did not find required class 'org.springframework.data.elasticsearch.repository.ElasticsearchRepository' (OnClassCondition)

   ElasticsearchRestClientAutoConfiguration:
      Did not match:
         - @ConditionalOnClass did not find required class 'org.elasticsearch.client.RestClientBuilder' (OnClassCondition)

   EmbeddedLdapAutoConfiguration:
      Did not match:
         - @ConditionalOnClass did not find required class 'com.unboundid.ldap.listener.InMemoryDirectoryServer' (OnClassCondition)

   EmbeddedWebServerFactoryCustomizerAutoConfiguration.JettyWebServerFactoryCustomizerConfiguration:
      Did not match:
         - @ConditionalOnClass did not find required classes 'org.eclipse.jetty.server.Server', 'org.eclipse.jetty.util.Loader', 'org.eclipse.jetty.ee10.webapp.WebAppContext' (OnClassCondition)

   EmbeddedWebServerFactoryCustomizerAutoConfiguration.NettyWebServerFactoryCustomizerConfiguration:
      Did not match:
         - @ConditionalOnClass did not find required class 'reactor.netty.http.server.HttpServer' (OnClassCondition)

   EmbeddedWebServerFactoryCustomizerAutoConfiguration.TomcatWebServerFactoryCustomizerConfiguration#tomcatVirtualThreadsProtocolHandlerCustomizer:
      Did not match:
         - @ConditionalOnThreading did not find VIRTUAL (OnThreadingCondition)

   EmbeddedWebServerFactoryCustomizerAutoConfiguration.UndertowWebServerFactoryCustomizerConfiguration:
      Did not match:
         - @ConditionalOnClass did not find required classes 'io.undertow.Undertow', 'org.xnio.SslClientAuthMode' (OnClassCondition)

   ErrorWebFluxAutoConfiguration:
      Did not match:
         - @ConditionalOnClass did not find required class 'org.springframework.web.reactive.config.WebFluxConfigurer' (OnClassCondition)

   FlywayAutoConfiguration:
      Did not match:
         - @ConditionalOnClass did not find required class 'org.flywaydb.core.Flyway' (OnClassCondition)

   FreeMarkerAutoConfiguration:
      Did not match:
         - @ConditionalOnClass did not find required class 'freemarker.template.Configuration' (OnClassCondition)

   GraphQlAutoConfiguration:
      Did not match:
         - @ConditionalOnClass did not find required class 'graphql.GraphQL' (OnClassCondition)

   GraphQlQueryByExampleAutoConfiguration:
      Did not match:
         - @ConditionalOnClass did not find required class 'graphql.GraphQL' (OnClassCondition)

   GraphQlQuerydslAutoConfiguration:
      Did not match:
         - @ConditionalOnClass did not find required class 'com.querydsl.core.Query' (OnClassCondition)

   GraphQlRSocketAutoConfiguration:
      Did not match:
         - @ConditionalOnClass did not find required class 'graphql.GraphQL' (OnClassCondition)

   GraphQlReactiveQueryByExampleAutoConfiguration:
      Did not match:
         - @ConditionalOnClass did not find required class 'graphql.GraphQL' (OnClassCondition)

   GraphQlReactiveQuerydslAutoConfiguration:
      Did not match:
         - @ConditionalOnClass did not find required class 'com.querydsl.core.Query' (OnClassCondition)

   GraphQlWebFluxAutoConfiguration:
      Did not match:
         - @ConditionalOnClass did not find required class 'graphql.GraphQL' (OnClassCondition)

   GraphQlWebFluxSecurityAutoConfiguration:
      Did not match:
         - @ConditionalOnClass did not find required class 'graphql.GraphQL' (OnClassCondition)

   GraphQlWebMvcAutoConfiguration:
      Did not match:
         - @ConditionalOnClass did not find required class 'graphql.GraphQL' (OnClassCondition)

   GraphQlWebMvcSecurityAutoConfiguration:
      Did not match:
         - @ConditionalOnClass did not find required class 'graphql.GraphQL' (OnClassCondition)

   GroovyTemplateAutoConfiguration:
      Did not match:
         - @ConditionalOnClass did not find required class 'groovy.text.markup.MarkupTemplateEngine' (OnClassCondition)

   GsonAutoConfiguration:
      Did not match:
         - @ConditionalOnClass did not find required class 'com.google.gson.Gson' (OnClassCondition)

   GsonHttpMessageConvertersConfiguration:
      Did not match:
         - @ConditionalOnClass did not find required class 'com.google.gson.Gson' (OnClassCondition)

   H2ConsoleAutoConfiguration:
      Did not match:
         - @ConditionalOnClass did not find required class 'org.h2.server.web.JakartaWebServlet' (OnClassCondition)

   HazelcastAutoConfiguration:
      Did not match:
         - @ConditionalOnClass did not find required class 'com.hazelcast.core.HazelcastInstance' (OnClassCondition)

   HazelcastCacheConfiguration:
      Did not match:
         - @ConditionalOnClass did not find required class 'com.hazelcast.core.HazelcastInstance' (OnClassCondition)

   HazelcastJpaDependencyAutoConfiguration:
      Did not match:
         - @ConditionalOnClass did not find required class 'com.hazelcast.core.HazelcastInstance' (OnClassCondition)

   HibernateJpaAutoConfiguration:
      Did not match:
         - @ConditionalOnClass did not find required class 'jakarta.persistence.EntityManager' (OnClassCondition)

   HttpHandlerAutoConfiguration:
      Did not match:
         - @ConditionalOnClass did not find required class 'org.springframework.web.reactive.DispatcherHandler' (OnClassCondition)

   HypermediaAutoConfiguration:
      Did not match:
         - @ConditionalOnClass did not find required class 'org.springframework.hateoas.EntityModel' (OnClassCondition)

   InfinispanCacheConfiguration:
      Did not match:
         - @ConditionalOnClass did not find required class 'org.infinispan.spring.embedded.provider.SpringEmbeddedCacheManager' (OnClassCondition)

   InfluxDbAutoConfiguration:
      Did not match:
         - @ConditionalOnClass did not find required class 'org.influxdb.InfluxDB' (OnClassCondition)

   IntegrationAutoConfiguration:
      Did not match:
         - @ConditionalOnClass did not find required class 'org.springframework.integration.config.EnableIntegration' (OnClassCondition)

   JCacheCacheConfiguration:
      Did not match:
         - @ConditionalOnClass did not find required class 'javax.cache.Caching' (OnClassCondition)

   JacksonHttpMessageConvertersConfiguration.MappingJackson2XmlHttpMessageConverterConfiguration:
      Did not match:
         - @ConditionalOnClass did not find required class 'com.fasterxml.jackson.dataformat.xml.XmlMapper' (OnClassCondition)

   JdbcRepositoriesAutoConfiguration:
      Did not match:
         - @ConditionalOnClass did not find required class 'org.springframework.data.jdbc.repository.config.AbstractJdbcConfiguration' (OnClassCondition)

   JerseyAutoConfiguration:
      Did not match:
         - @ConditionalOnClass did not find required class 'org.glassfish.jersey.server.spring.SpringComponentProvider' (OnClassCondition)

   JmsAutoConfiguration:
      Did not match:
         - @ConditionalOnClass did not find required class 'jakarta.jms.Message' (OnClassCondition)

   JmxAutoConfiguration:
      Did not match:
         - @ConditionalOnProperty (spring.jmx.enabled=true) did not find property 'enabled' (OnPropertyCondition)
      Matched:
         - @ConditionalOnClass found required class 'org.springframework.jmx.export.MBeanExporter' (OnClassCondition)

   JndiConnectionFactoryAutoConfiguration:
      Did not match:
         - @ConditionalOnClass did not find required class 'org.springframework.jms.core.JmsTemplate' (OnClassCondition)

   JndiDataSourceAutoConfiguration:
      Did not match:
         - @ConditionalOnProperty (spring.datasource.jndi-name) did not find property 'jndi-name' (OnPropertyCondition)
      Matched:
         - @ConditionalOnClass found required classes 'javax.sql.DataSource', 'org.springframework.jdbc.datasource.embedded.EmbeddedDatabaseType' (OnClassCondition)

   JooqAutoConfiguration:
      Did not match:
         - @ConditionalOnClass did not find required class 'org.jooq.DSLContext' (OnClassCondition)

   JpaRepositoriesAutoConfiguration:
      Did not match:
         - @ConditionalOnClass did not find required class 'org.springframework.data.jpa.repository.JpaRepository' (OnClassCondition)

   JsonbAutoConfiguration:
      Did not match:
         - @ConditionalOnClass did not find required class 'jakarta.json.bind.Jsonb' (OnClassCondition)

   JsonbHttpMessageConvertersConfiguration:
      Did not match:
         - @ConditionalOnClass did not find required class 'jakarta.json.bind.Jsonb' (OnClassCondition)

   JtaAutoConfiguration:
      Did not match:
         - @ConditionalOnClass did not find required class 'jakarta.transaction.Transaction' (OnClassCondition)

   KafkaAutoConfiguration:
      Did not match:
         - @ConditionalOnClass did not find required class 'org.springframework.kafka.core.KafkaTemplate' (OnClassCondition)

   LdapAutoConfiguration:
      Did not match:
         - @ConditionalOnClass did not find required class 'org.springframework.ldap.core.ContextSource' (OnClassCondition)

   LdapRepositoriesAutoConfiguration:
      Did not match:
         - @ConditionalOnClass did not find required class 'org.springframework.data.ldap.repository.LdapRepository' (OnClassCondition)

   LiquibaseAutoConfiguration:
      Did not match:
         - @ConditionalOnClass did not find required class 'liquibase.change.DatabaseChange' (OnClassCondition)

   MailSenderAutoConfiguration:
      Did not match:
         - @ConditionalOnClass did not find required class 'jakarta.mail.internet.MimeMessage' (OnClassCondition)

   MailSenderValidatorAutoConfiguration:
      Did not match:
         - @ConditionalOnSingleCandidate did not find required type 'org.springframework.mail.javamail.JavaMailSenderImpl' (OnBeanCondition)

   MessageSourceAutoConfiguration:
      Did not match:
         - ResourceBundle did not find bundle with basename messages (MessageSourceAutoConfiguration.ResourceBundleCondition)

   MongoAutoConfiguration:
      Did not match:
         - @ConditionalOnClass did not find required class 'com.mongodb.client.MongoClient' (OnClassCondition)

   MongoDataAutoConfiguration:
      Did not match:
         - @ConditionalOnClass did not find required class 'com.mongodb.client.MongoClient' (OnClassCondition)

   MongoReactiveAutoConfiguration:
      Did not match:
         - @ConditionalOnClass did not find required class 'com.mongodb.reactivestreams.client.MongoClient' (OnClassCondition)

   MongoReactiveDataAutoConfiguration:
      Did not match:
         - @ConditionalOnClass did not find required class 'com.mongodb.reactivestreams.client.MongoClient' (OnClassCondition)

   MongoReactiveRepositoriesAutoConfiguration:
      Did not match:
         - @ConditionalOnClass did not find required class 'com.mongodb.reactivestreams.client.MongoClient' (OnClassCondition)

   MongoRepositoriesAutoConfiguration:
      Did not match:
         - @ConditionalOnClass did not find required class 'com.mongodb.client.MongoClient' (OnClassCondition)

   MultipleOpenApiSupportConfiguration:
      Did not match:
         - AnyNestedCondition 0 matched 2 did not; NestedCondition on MultipleOpenApiSupportCondition.OnActuatorDifferentPort @ConditionalOnProperty (springdoc.show-actuator) did not find property 'springdoc.show-actuator'; NestedCondition on MultipleOpenApiSupportCondition.OnMultipleOpenApiSupportCondition AnyNestedCondition 0 matched 3 did not; NestedCondition on MultipleOpenApiGroupsCondition.OnListGroupedOpenApiBean @ConditionalOnBean (types: org.springdoc.core.models.GroupedOpenApi; SearchStrategy: all) did not find any beans of type org.springdoc.core.models.GroupedOpenApi; NestedCondition on MultipleOpenApiGroupsCondition.OnGroupConfigProperty @ConditionalOnProperty (springdoc.group-configs[0].group) did not find property 'springdoc.group-configs[0].group'; NestedCondition on MultipleOpenApiGroupsCondition.OnGroupedOpenApiBean @ConditionalOnBean (types: org.springdoc.core.models.GroupedOpenApi; SearchStrategy: all) did not find any beans of type org.springdoc.core.models.GroupedOpenApi (MultipleOpenApiSupportCondition)
      Matched:
         - found 'session' scope (OnWebApplicationCondition)
         - @ConditionalOnProperty (springdoc.api-docs.enabled) matched (OnPropertyCondition)

   MultipleOpenApiSupportConfiguration.SpringDocWebMvcActuatorDifferentConfiguration:
      Did not match:
         - @ConditionalOnClass did not find required class 'org.springframework.boot.actuate.endpoint.web.servlet.WebMvcEndpointHandlerMapping' (OnClassCondition)
         - Ancestor org.springdoc.webmvc.core.configuration.MultipleOpenApiSupportConfiguration did not match (ConditionEvaluationReport.AncestorsMatchedCondition)

   MustacheAutoConfiguration:
      Did not match:
         - @ConditionalOnClass did not find required class 'com.samskivert.mustache.Mustache' (OnClassCondition)

   Neo4jAutoConfiguration:
      Did not match:
         - @ConditionalOnClass did not find required class 'org.neo4j.driver.Driver' (OnClassCondition)

   Neo4jDataAutoConfiguration:
      Did not match:
         - @ConditionalOnClass did not find required class 'org.neo4j.driver.Driver' (OnClassCondition)

   Neo4jReactiveDataAutoConfiguration:
      Did not match:
         - @ConditionalOnClass did not find required class 'org.neo4j.driver.Driver' (OnClassCondition)

   Neo4jReactiveRepositoriesAutoConfiguration:
      Did not match:
         - @ConditionalOnClass did not find required class 'org.neo4j.driver.Driver' (OnClassCondition)

   Neo4jRepositoriesAutoConfiguration:
      Did not match:
         - @ConditionalOnClass did not find required class 'org.neo4j.driver.Driver' (OnClassCondition)

   NettyAutoConfiguration:
      Did not match:
         - @ConditionalOnClass did not find required class 'io.netty.util.NettyRuntime' (OnClassCondition)

   OAuth2AuthorizationServerAutoConfiguration:
      Did not match:
         - @ConditionalOnClass did not find required class 'org.springframework.security.oauth2.server.authorization.OAuth2Authorization' (OnClassCondition)

   OAuth2AuthorizationServerJwtAutoConfiguration:
      Did not match:
         - @ConditionalOnClass did not find required class 'org.springframework.security.oauth2.server.authorization.OAuth2Authorization' (OnClassCondition)

   OAuth2ClientAutoConfiguration:
      Did not match:
         - @ConditionalOnClass did not find required class 'org.springframework.security.oauth2.client.registration.ClientRegistration' (OnClassCondition)

   OAuth2ResourceServerAutoConfiguration:
      Did not match:
         - @ConditionalOnClass did not find required class 'org.springframework.security.oauth2.server.resource.authentication.BearerTokenAuthenticationToken' (OnClassCondition)

   ProjectInfoAutoConfiguration#buildProperties:
      Did not match:
         - @ConditionalOnResource did not find resource '${spring.info.build.location:classpath:META-INF/build-info.properties}' (OnResourceCondition)

   ProjectInfoAutoConfiguration#gitProperties:
      Did not match:
         - GitResource did not find git info at classpath:git.properties (ProjectInfoAutoConfiguration.GitResourceAvailableCondition)

   PulsarAutoConfiguration:
      Did not match:
         - @ConditionalOnClass did not find required class 'org.apache.pulsar.client.api.PulsarClient' (OnClassCondition)

   PulsarReactiveAutoConfiguration:
      Did not match:
         - @ConditionalOnClass did not find required class 'org.apache.pulsar.client.api.PulsarClient' (OnClassCondition)

   QuartzAutoConfiguration:
      Did not match:
         - @ConditionalOnClass did not find required class 'org.quartz.Scheduler' (OnClassCondition)

   R2dbcAutoConfiguration:
      Did not match:
         - @ConditionalOnClass did not find required class 'io.r2dbc.spi.ConnectionFactory' (OnClassCondition)

   R2dbcDataAutoConfiguration:
      Did not match:
         - @ConditionalOnClass did not find required class 'org.springframework.data.r2dbc.core.R2dbcEntityTemplate' (OnClassCondition)

   R2dbcInitializationConfiguration:
      Did not match:
         - @ConditionalOnClass did not find required classes 'io.r2dbc.spi.ConnectionFactory', 'org.springframework.r2dbc.connection.init.DatabasePopulator' (OnClassCondition)

   R2dbcRepositoriesAutoConfiguration:
      Did not match:
         - @ConditionalOnClass did not find required class 'io.r2dbc.spi.ConnectionFactory' (OnClassCondition)

   R2dbcTransactionManagerAutoConfiguration:
      Did not match:
         - @ConditionalOnClass did not find required class 'org.springframework.r2dbc.connection.R2dbcTransactionManager' (OnClassCondition)

   RSocketGraphQlClientAutoConfiguration:
      Did not match:
         - @ConditionalOnClass did not find required class 'graphql.GraphQL' (OnClassCondition)

   RSocketMessagingAutoConfiguration:
      Did not match:
         - @ConditionalOnClass did not find required class 'io.rsocket.RSocket' (OnClassCondition)

   RSocketRequesterAutoConfiguration:
      Did not match:
         - @ConditionalOnClass did not find required class 'io.rsocket.RSocket' (OnClassCondition)

   RSocketSecurityAutoConfiguration:
      Did not match:
         - @ConditionalOnClass did not find required class 'org.springframework.security.rsocket.core.SecuritySocketAcceptorInterceptor' (OnClassCondition)

   RSocketServerAutoConfiguration:
      Did not match:
         - @ConditionalOnClass did not find required class 'io.rsocket.core.RSocketServer' (OnClassCondition)

   RSocketStrategiesAutoConfiguration:
      Did not match:
         - @ConditionalOnClass did not find required class 'io.netty.buffer.PooledByteBufAllocator' (OnClassCondition)

   RabbitAutoConfiguration:
      Did not match:
         - @ConditionalOnClass did not find required class 'com.rabbitmq.client.Channel' (OnClassCondition)

   ReactiveElasticsearchClientAutoConfiguration:
      Did not match:
         - @ConditionalOnClass did not find required class 'co.elastic.clients.transport.ElasticsearchTransport' (OnClassCondition)

   ReactiveElasticsearchRepositoriesAutoConfiguration:
      Did not match:
         - @ConditionalOnClass did not find required class 'reactor.core.publisher.Mono' (OnClassCondition)

   ReactiveMultipartAutoConfiguration:
      Did not match:
         - @ConditionalOnClass did not find required class 'org.springframework.web.reactive.config.WebFluxConfigurer' (OnClassCondition)

   ReactiveOAuth2ClientAutoConfiguration:
      Did not match:
         - @ConditionalOnClass did not find required class 'reactor.core.publisher.Flux' (OnClassCondition)

   ReactiveOAuth2ResourceServerAutoConfiguration:
      Did not match:
         - @ConditionalOnWebApplication did not find reactive web application classes (OnWebApplicationCondition)

   ReactiveSecurityAutoConfiguration:
      Did not match:
         - @ConditionalOnClass did not find required class 'reactor.core.publisher.Flux' (OnClassCondition)

   ReactiveUserDetailsServiceAutoConfiguration:
      Did not match:
         - AnyNestedCondition 0 matched 2 did not; NestedCondition on ReactiveUserDetailsServiceAutoConfiguration.RSocketEnabledOrReactiveWebApplication.ReactiveWebApplicationCondition did not find reactive web application classes; NestedCondition on ReactiveUserDetailsServiceAutoConfiguration.RSocketEnabledOrReactiveWebApplication.RSocketSecurityEnabledCondition @ConditionalOnBean (types: org.springframework.messaging.rsocket.annotation.support.RSocketMessageHandler; SearchStrategy: all) did not find any beans of type org.springframework.messaging.rsocket.annotation.support.RSocketMessageHandler (ReactiveUserDetailsServiceAutoConfiguration.RSocketEnabledOrReactiveWebApplication)
      Matched:
         - @ConditionalOnClass found required class 'org.springframework.security.authentication.ReactiveAuthenticationManager' (OnClassCondition)
         - AnyNestedCondition 1 matched 2 did not; NestedCondition on ReactiveUserDetailsServiceAutoConfiguration.MissingAlternativeOrUserPropertiesConfigured.PasswordConfigured @ConditionalOnProperty (spring.security.user.password) did not find property 'password'; NestedCondition on ReactiveUserDetailsServiceAutoConfiguration.MissingAlternativeOrUserPropertiesConfigured.NameConfigured @ConditionalOnProperty (spring.security.user.name) did not find property 'name'; NestedCondition on ReactiveUserDetailsServiceAutoConfiguration.MissingAlternativeOrUserPropertiesConfigured.MissingAlternative @ConditionalOnMissingClass did not find unwanted classes 'org.springframework.security.oauth2.client.registration.ClientRegistrationRepository', 'org.springframework.security.oauth2.server.resource.introspection.ReactiveOpaqueTokenIntrospector' (ReactiveUserDetailsServiceAutoConfiguration.MissingAlternativeOrUserPropertiesConfigured)

   ReactiveWebServerFactoryAutoConfiguration:
      Did not match:
         - @ConditionalOnWebApplication did not find reactive web application classes (OnWebApplicationCondition)

   ReactorAutoConfiguration:
      Did not match:
         - @ConditionalOnClass did not find required class 'reactor.core.publisher.Hooks' (OnClassCondition)

   RedisAutoConfiguration:
      Did not match:
         - @ConditionalOnClass did not find required class 'org.springframework.data.redis.core.RedisOperations' (OnClassCondition)

   RedisCacheConfiguration:
      Did not match:
         - @ConditionalOnClass did not find required class 'org.springframework.data.redis.connection.RedisConnectionFactory' (OnClassCondition)

   RedisReactiveAutoConfiguration:
      Did not match:
         - @ConditionalOnClass did not find required class 'reactor.core.publisher.Flux' (OnClassCondition)

   RedisRepositoriesAutoConfiguration:
      Did not match:
         - @ConditionalOnClass did not find required class 'org.springframework.data.redis.repository.configuration.EnableRedisRepositories' (OnClassCondition)

   RepositoryRestMvcAutoConfiguration:
      Did not match:
         - @ConditionalOnClass did not find required class 'org.springframework.data.rest.webmvc.config.RepositoryRestMvcConfiguration' (OnClassCondition)

   Saml2RelyingPartyAutoConfiguration:
      Did not match:
         - @ConditionalOnClass did not find required class 'org.springframework.security.saml2.provider.service.registration.RelyingPartyRegistrationRepository' (OnClassCondition)

   SecurityDataConfiguration:
      Did not match:
         - @ConditionalOnClass did not find required class 'org.springframework.security.data.repository.query.SecurityEvaluationContextExtension' (OnClassCondition)

   SendGridAutoConfiguration:
      Did not match:
         - @ConditionalOnClass did not find required class 'com.sendgrid.SendGrid' (OnClassCondition)

   ServletWebServerFactoryAutoConfiguration.ForwardedHeaderFilterConfiguration:
      Did not match:
         - @ConditionalOnProperty (server.forward-headers-strategy=framework) did not find property 'server.forward-headers-strategy' (OnPropertyCondition)

   ServletWebServerFactoryConfiguration.EmbeddedJetty:
      Did not match:
         - @ConditionalOnClass did not find required classes 'org.eclipse.jetty.server.Server', 'org.eclipse.jetty.util.Loader', 'org.eclipse.jetty.ee10.webapp.WebAppContext' (OnClassCondition)

   ServletWebServerFactoryConfiguration.EmbeddedUndertow:
      Did not match:
         - @ConditionalOnClass did not find required classes 'io.undertow.Undertow', 'org.xnio.SslClientAuthMode' (OnClassCondition)

   SessionAutoConfiguration:
      Did not match:
         - @ConditionalOnClass did not find required class 'org.springframework.session.Session' (OnClassCondition)

   SpringApplicationAdminJmxAutoConfiguration:
      Did not match:
         - @ConditionalOnProperty (spring.application.admin.enabled=true) did not find property 'enabled' (OnPropertyCondition)

   SpringBootWebSecurityConfiguration.SecurityFilterChainConfiguration:
      Did not match:
         - AllNestedConditions 1 matched 1 did not; NestedCondition on DefaultWebSecurityCondition.Beans @ConditionalOnMissingBean (types: org.springframework.security.web.SecurityFilterChain; SearchStrategy: all) found beans of type 'org.springframework.security.web.SecurityFilterChain' securityFilterChain; NestedCondition on DefaultWebSecurityCondition.Classes @ConditionalOnClass found required classes 'org.springframework.security.web.SecurityFilterChain', 'org.springframework.security.config.annotation.web.builders.HttpSecurity' (DefaultWebSecurityCondition)

   SpringDataWebAutoConfiguration:
      Did not match:
         - @ConditionalOnClass did not find required class 'org.springframework.data.web.PageableHandlerMethodArgumentResolver' (OnClassCondition)

   SpringDocConfiguration#propertiesResolverForSchema:
      Did not match:
         - @ConditionalOnProperty (springdoc.api-docs.resolve-schema-properties) did not find property 'springdoc.api-docs.resolve-schema-properties' (OnPropertyCondition)

   SpringDocConfiguration#propertyCustomizingConverter:
      Did not match:
         - @ConditionalOnBean (types: org.springdoc.core.customizers.PropertyCustomizer; SearchStrategy: all) did not find any beans of type org.springdoc.core.customizers.PropertyCustomizer (OnBeanCondition)

   SpringDocConfiguration#springdocBeanFactoryPostProcessor:
      Did not match:
         - AnyNestedCondition 0 matched 2 did not; NestedCondition on CacheOrGroupedOpenApiCondition.OnCacheDisabled found non-matching nested conditions @ConditionalOnProperty (springdoc.cache.disabled) did not find property 'springdoc.cache.disabled'; NestedCondition on CacheOrGroupedOpenApiCondition.OnMultipleOpenApiSupportCondition AnyNestedCondition 0 matched 2 did not; NestedCondition on MultipleOpenApiSupportCondition.OnActuatorDifferentPort @ConditionalOnProperty (springdoc.show-actuator) did not find property 'springdoc.show-actuator'; NestedCondition on MultipleOpenApiSupportCondition.OnMultipleOpenApiSupportCondition AnyNestedCondition 0 matched 3 did not; NestedCondition on MultipleOpenApiGroupsCondition.OnListGroupedOpenApiBean @ConditionalOnBean (types: org.springdoc.core.models.GroupedOpenApi; SearchStrategy: all) did not find any beans of type org.springdoc.core.models.GroupedOpenApi; NestedCondition on MultipleOpenApiGroupsCondition.OnGroupConfigProperty @ConditionalOnProperty (springdoc.group-configs[0].group) did not find property 'springdoc.group-configs[0].group'; NestedCondition on MultipleOpenApiGroupsCondition.OnGroupedOpenApiBean @ConditionalOnBean (types: org.springdoc.core.models.GroupedOpenApi; SearchStrategy: all) did not find any beans of type org.springdoc.core.models.GroupedOpenApi (CacheOrGroupedOpenApiCondition)
      Matched:
         - @ConditionalOnClass found required class 'org.springframework.boot.context.properties.bind.BindResult' (OnClassCondition)

   SpringDocConfiguration#springdocBeanFactoryPostProcessor2:
      Did not match:
         - @ConditionalOnMissingClass found unwanted class 'org.springframework.boot.context.properties.bind.BindResult' (OnClassCondition)

   SpringDocConfiguration.QuerydslProvider:
      Did not match:
         - @ConditionalOnClass did not find required class 'org.springframework.data.querydsl.binding.QuerydslBindingsFactory' (OnClassCondition)

   SpringDocConfiguration.SpringDocActuatorConfiguration:
      Did not match:
         - @ConditionalOnClass did not find required class 'org.springframework.boot.actuate.autoconfigure.endpoint.web.WebEndpointProperties' (OnClassCondition)

   SpringDocConfiguration.SpringDocRepositoryRestConfiguration:
      Did not match:
         - @ConditionalOnClass did not find required class 'org.springframework.data.rest.core.config.RepositoryRestConfiguration' (OnClassCondition)

   SpringDocConfiguration.SpringDocWebFluxSupportConfiguration:
      Did not match:
         - @ConditionalOnClass did not find required class 'reactor.core.publisher.Flux' (OnClassCondition)

   SpringDocDataRestConfiguration:
      Did not match:
         - @ConditionalOnClass did not find required class 'org.springframework.data.rest.core.config.RepositoryRestConfiguration' (OnClassCondition)

   SpringDocFunctionCatalogConfiguration:
      Did not match:
         - @ConditionalOnClass did not find required class 'org.springframework.cloud.function.web.function.FunctionEndpointInitializer' (OnClassCondition)

   SpringDocGroovyConfiguration:
      Did not match:
         - @ConditionalOnClass did not find required class 'groovy.lang.MetaClass' (OnClassCondition)

   SpringDocHateoasConfiguration:
      Did not match:
         - @ConditionalOnClass did not find required class 'org.springframework.hateoas.server.LinkRelationProvider' (OnClassCondition)

   SpringDocJacksonKotlinModuleConfiguration:
      Did not match:
         - @ConditionalOnClass did not find required class 'com.fasterxml.jackson.module.kotlin.KotlinModule' (OnClassCondition)

   SpringDocJavadocConfiguration:
      Did not match:
         - @ConditionalOnClass did not find required class 'com.github.therapi.runtimejavadoc.CommentFormatter' (OnClassCondition)

   SpringDocKotlinConfiguration:
      Did not match:
         - @ConditionalOnClass did not find required class 'kotlin.coroutines.Continuation' (OnClassCondition)

   SpringDocKotlinxConfiguration:
      Did not match:
         - @ConditionalOnClass did not find required class 'kotlinx.coroutines.flow.Flow' (OnClassCondition)

   SpringDocPageableConfiguration:
      Did not match:
         - @ConditionalOnClass did not find required class 'org.springframework.data.domain.Pageable' (OnClassCondition)

   SpringDocSecurityConfiguration.SpringDocSecurityOAuth2ClientConfiguration:
      Did not match:
         - @ConditionalOnClass did not find required class 'org.springframework.security.oauth2.client.annotation.RegisteredOAuth2AuthorizedClient' (OnClassCondition)

   SpringDocSecurityConfiguration.SpringDocSecurityOAuth2Configuration:
      Did not match:
         - @ConditionalOnClass did not find required class 'org.springframework.security.oauth2.server.authorization.OAuth2AuthorizationService' (OnClassCondition)

   SpringDocSecurityConfiguration.SpringSecurityLoginEndpointConfiguration#springSecurityLoginEndpointCustomiser:
      Did not match:
         - @ConditionalOnProperty (springdoc.show-login-endpoint) did not find property 'springdoc.show-login-endpoint' (OnPropertyCondition)

   SpringDocSortConfiguration:
      Did not match:
         - @ConditionalOnClass did not find required class 'org.springframework.data.domain.Sort' (OnClassCondition)

   SpringDocWebMvcConfiguration.SpringDocWebMvcActuatorConfiguration:
      Did not match:
         - @ConditionalOnClass did not find required class 'org.springframework.boot.actuate.endpoint.web.servlet.WebMvcEndpointHandlerMapping' (OnClassCondition)

   SwaggerConfig#springWebProvider:
      Did not match:
         - @ConditionalOnMissingBean (types: org.springdoc.core.providers.SpringWebProvider; SearchStrategy: all) found beans of type 'org.springdoc.core.providers.SpringWebProvider' springWebProvider (OnBeanCondition)

   SwaggerConfig#swaggerUiConfigParameters:
      Did not match:
         - @ConditionalOnMissingBean (types: org.springdoc.core.properties.SwaggerUiConfigParameters; SearchStrategy: all) found beans of type 'org.springdoc.core.properties.SwaggerUiConfigParameters' org.springdoc.core.properties.SwaggerUiConfigParameters (OnBeanCondition)

   SwaggerConfig#swaggerUiHome:
      Did not match:
         - @ConditionalOnProperty (springdoc.swagger-ui.use-root-path=true) did not find property 'springdoc.swagger-ui.use-root-path' (OnPropertyCondition)

   SwaggerConfig.SwaggerActuatorWelcomeConfiguration:
      Did not match:
         - @ConditionalOnClass did not find required class 'org.springframework.boot.actuate.endpoint.web.servlet.WebMvcEndpointHandlerMapping' (OnClassCondition)

   TaskExecutorConfigurations.SimpleAsyncTaskExecutorBuilderConfiguration#simpleAsyncTaskExecutorBuilderVirtualThreads:
      Did not match:
         - @ConditionalOnMissingBean (types: org.springframework.boot.task.SimpleAsyncTaskExecutorBuilder; SearchStrategy: all) found beans of type 'org.springframework.boot.task.SimpleAsyncTaskExecutorBuilder' simpleAsyncTaskExecutorBuilder (OnBeanCondition)

   TaskExecutorConfigurations.TaskExecutorConfiguration#applicationTaskExecutorVirtualThreads:
      Did not match:
         - @ConditionalOnThreading did not find VIRTUAL (OnThreadingCondition)

   TaskSchedulingAutoConfiguration#scheduledBeanLazyInitializationExcludeFilter:
      Did not match:
         - @ConditionalOnBean (names: org.springframework.context.annotation.internalScheduledAnnotationProcessor; SearchStrategy: all) did not find any beans named org.springframework.context.annotation.internalScheduledAnnotationProcessor (OnBeanCondition)

   TaskSchedulingConfigurations.SimpleAsyncTaskSchedulerBuilderConfiguration#simpleAsyncTaskSchedulerBuilderVirtualThreads:
      Did not match:
         - @ConditionalOnMissingBean (types: org.springframework.boot.task.SimpleAsyncTaskSchedulerBuilder; SearchStrategy: all) found beans of type 'org.springframework.boot.task.SimpleAsyncTaskSchedulerBuilder' simpleAsyncTaskSchedulerBuilder (OnBeanCondition)

   TaskSchedulingConfigurations.TaskSchedulerConfiguration:
      Did not match:
         - @ConditionalOnBean (names: org.springframework.context.annotation.internalScheduledAnnotationProcessor; SearchStrategy: all) did not find any beans named org.springframework.context.annotation.internalScheduledAnnotationProcessor (OnBeanCondition)

   ThymeleafAutoConfiguration:
      Did not match:
         - @ConditionalOnClass did not find required class 'org.thymeleaf.spring6.SpringTemplateEngine' (OnClassCondition)

   TransactionAutoConfiguration#transactionalOperator:
      Did not match:
         - @ConditionalOnSingleCandidate (types: org.springframework.transaction.ReactiveTransactionManager; SearchStrategy: all) did not find any beans (OnBeanCondition)

   TransactionAutoConfiguration.AspectJTransactionManagementConfiguration:
      Did not match:
         - @ConditionalOnBean did not find required type 'org.springframework.transaction.aspectj.AbstractTransactionAspect' (OnBeanCondition)
         - @ConditionalOnBean (types: org.springframework.transaction.aspectj.AbstractTransactionAspect; SearchStrategy: all) did not find any beans of type org.springframework.transaction.aspectj.AbstractTransactionAspect (OnBeanCondition)

   TransactionAutoConfiguration.EnableTransactionManagementConfiguration.JdkDynamicAutoProxyConfiguration:
      Did not match:
         - @ConditionalOnProperty (spring.aop.proxy-target-class=false) did not find property 'proxy-target-class' (OnPropertyCondition)

   ValidationAutoConfiguration:
      Did not match:
         - @ConditionalOnResource did not find resource 'classpath:META-INF/services/jakarta.validation.spi.ValidationProvider' (OnResourceCondition)
      Matched:
         - @ConditionalOnClass found required class 'jakarta.validation.executable.ExecutableValidator' (OnClassCondition)

   WebClientAutoConfiguration:
      Did not match:
         - @ConditionalOnClass did not find required class 'org.springframework.web.reactive.function.client.WebClient' (OnClassCondition)

   WebFluxAutoConfiguration:
      Did not match:
         - @ConditionalOnClass did not find required class 'org.springframework.web.reactive.config.WebFluxConfigurer' (OnClassCondition)

   WebMvcAutoConfiguration#hiddenHttpMethodFilter:
      Did not match:
         - @ConditionalOnProperty (spring.mvc.hiddenmethod.filter.enabled) did not find property 'enabled' (OnPropertyCondition)

   WebMvcAutoConfiguration.ProblemDetailsErrorHandlingConfiguration:
      Did not match:
         - @ConditionalOnProperty (spring.mvc.problemdetails.enabled=true) did not find property 'enabled' (OnPropertyCondition)

   WebMvcAutoConfiguration.ResourceChainCustomizerConfiguration:
      Did not match:
         - @ConditionalOnEnabledResourceChain did not find class org.webjars.WebJarAssetLocator (OnEnabledResourceChainCondition)

   WebMvcAutoConfiguration.WebMvcAutoConfigurationAdapter#beanNameViewResolver:
      Did not match:
         - @ConditionalOnMissingBean (types: org.springframework.web.servlet.view.BeanNameViewResolver; SearchStrategy: all) found beans of type 'org.springframework.web.servlet.view.BeanNameViewResolver' beanNameViewResolver (OnBeanCondition)

   WebServiceTemplateAutoConfiguration:
      Did not match:
         - @ConditionalOnClass did not find required class 'org.springframework.oxm.Marshaller' (OnClassCondition)

   WebServicesAutoConfiguration:
      Did not match:
         - @ConditionalOnClass did not find required class 'org.springframework.ws.transport.http.MessageDispatcherServlet' (OnClassCondition)

   WebSessionIdResolverAutoConfiguration:
      Did not match:
         - @ConditionalOnClass did not find required class 'reactor.core.publisher.Mono' (OnClassCondition)

   WebSocketMessagingAutoConfiguration:
      Did not match:
         - @ConditionalOnClass did not find required class 'org.springframework.web.socket.config.annotation.WebSocketMessageBrokerConfigurer' (OnClassCondition)

   WebSocketReactiveAutoConfiguration:
      Did not match:
         - @ConditionalOnWebApplication did not find reactive web application classes (OnWebApplicationCondition)

   WebSocketServletAutoConfiguration.JettyWebSocketConfiguration:
      Did not match:
         - @ConditionalOnClass did not find required class 'org.eclipse.jetty.ee10.websocket.jakarta.server.config.JakartaWebSocketServletContainerInitializer' (OnClassCondition)

   WebSocketServletAutoConfiguration.UndertowWebSocketConfiguration:
      Did not match:
         - @ConditionalOnClass did not find required class 'io.undertow.websockets.jsr.Bootstrap' (OnClassCondition)

   XADataSourceAutoConfiguration:
      Did not match:
         - @ConditionalOnClass did not find required class 'jakarta.transaction.TransactionManager' (OnClassCondition)


Exclusions:
-----------

    None


Unconditional classes:
----------------------

    org.springframework.boot.autoconfigure.context.ConfigurationPropertiesAutoConfiguration

    org.springframework.boot.autoconfigure.ssl.SslAutoConfiguration

    org.springframework.boot.autoconfigure.context.PropertyPlaceholderAutoConfiguration

    org.springframework.boot.autoconfigure.context.LifecycleAutoConfiguration

    org.springdoc.core.configuration.SpringDocSpecPropertiesConfiguration

    org.springframework.boot.autoconfigure.availability.ApplicationAvailabilityAutoConfiguration

    org.springframework.boot.autoconfigure.info.ProjectInfoAutoConfiguration



2026-06-04T09:53:13.748+05:30  INFO 94548 --- [CIVWBMS Backend] [           main] com.civwbms.CivwbmsApplication           : Started CivwbmsApplication in 3.059 seconds (process running for 3.621)
2026-06-04T09:53:13.751+05:30 DEBUG 94548 --- [CIVWBMS Backend] [           main] o.s.b.a.ApplicationAvailabilityBean      : Application availability state LivenessState changed to CORRECT
2026-06-04T09:53:13.752+05:30 DEBUG 94548 --- [CIVWBMS Backend] [           main] o.s.b.a.ApplicationAvailabilityBean      : Application availability state ReadinessState changed to ACCEPTING_TRAFFIC
2026-06-04T09:54:19.688+05:30  INFO 94548 --- [CIVWBMS Backend] [nio-8080-exec-2] o.a.c.c.C.[Tomcat].[localhost].[/]       : Initializing Spring DispatcherServlet 'dispatcherServlet'
2026-06-04T09:54:19.689+05:30  INFO 94548 --- [CIVWBMS Backend] [nio-8080-exec-2] o.s.web.servlet.DispatcherServlet        : Initializing Servlet 'dispatcherServlet'
2026-06-04T09:54:19.690+05:30 DEBUG 94548 --- [CIVWBMS Backend] [nio-8080-exec-2] o.s.web.servlet.DispatcherServlet        : Detected StandardServletMultipartResolver
2026-06-04T09:54:19.690+05:30 DEBUG 94548 --- [CIVWBMS Backend] [nio-8080-exec-2] o.s.web.servlet.DispatcherServlet        : Detected AcceptHeaderLocaleResolver
2026-06-04T09:54:19.691+05:30 DEBUG 94548 --- [CIVWBMS Backend] [nio-8080-exec-2] o.s.web.servlet.DispatcherServlet        : Detected FixedThemeResolver
2026-06-04T09:54:19.693+05:30 DEBUG 94548 --- [CIVWBMS Backend] [nio-8080-exec-2] o.s.web.servlet.DispatcherServlet        : Detected org.springframework.web.servlet.view.DefaultRequestToViewNameTranslator@6a7069a5
2026-06-04T09:54:19.694+05:30 DEBUG 94548 --- [CIVWBMS Backend] [nio-8080-exec-2] o.s.web.servlet.DispatcherServlet        : Detected org.springframework.web.servlet.support.SessionFlashMapManager@7508fc8e
2026-06-04T09:54:19.695+05:30 DEBUG 94548 --- [CIVWBMS Backend] [nio-8080-exec-2] o.s.web.servlet.DispatcherServlet        : enableLoggingRequestDetails='false': request parameters and headers will be masked to prevent unsafe logging of potentially sensitive data
2026-06-04T09:54:19.695+05:30  INFO 94548 --- [CIVWBMS Backend] [nio-8080-exec-2] o.s.web.servlet.DispatcherServlet        : Completed initialization in 5 ms
2026-06-04T09:54:19.738+05:30 DEBUG 94548 --- [CIVWBMS Backend] [nio-8080-exec-2] o.s.web.servlet.DispatcherServlet        : POST "/api/auth/login", parameters={}
2026-06-04T09:54:19.740+05:30 DEBUG 94548 --- [CIVWBMS Backend] [nio-8080-exec-2] s.w.s.m.m.a.RequestMappingHandlerMapping : Mapped to com.civwbms.controller.AuthController#login(AuthRequest)
2026-06-04T09:54:19.887+05:30 DEBUG 94548 --- [CIVWBMS Backend] [nio-8080-exec-2] m.m.a.RequestResponseBodyMethodProcessor : Read "application/json;charset=UTF-8" to [AuthRequest[role=EMPLOYEE, identifier=EMP001, password=Password@123, subsidiaryId=1, profile=null]]
2026-06-04T09:54:19.897+05:30 DEBUG 94548 --- [CIVWBMS Backend] [nio-8080-exec-2] o.s.jdbc.core.JdbcTemplate               : Executing prepared SQL query
2026-06-04T09:54:19.900+05:30 DEBUG 94548 --- [CIVWBMS Backend] [nio-8080-exec-2] o.s.jdbc.core.JdbcTemplate               : Executing prepared SQL statement [SELECT id, employee_code identifier, full_name name, password_hash, subsidiary_id FROM employees WHERE employee_code=? AND subsidiary_id=1]
2026-06-04T09:54:19.904+05:30  INFO 94548 --- [CIVWBMS Backend] [nio-8080-exec-2] com.zaxxer.hikari.HikariDataSource       : HikariPool-1 - Starting...
2026-06-04T09:54:20.300+05:30  INFO 94548 --- [CIVWBMS Backend] [nio-8080-exec-2] com.zaxxer.hikari.pool.HikariPool        : HikariPool-1 - Added connection com.mysql.cj.jdbc.ConnectionImpl@72c9f8ae
2026-06-04T09:54:20.304+05:30  INFO 94548 --- [CIVWBMS Backend] [nio-8080-exec-2] com.zaxxer.hikari.HikariDataSource       : HikariPool-1 - Start completed.
2026-06-04T09:54:20.392+05:30  WARN 94548 --- [CIVWBMS Backend] [nio-8080-exec-2] o.s.s.c.bcrypt.BCryptPasswordEncoder     : Encoded password does not look like BCrypt
2026-06-04T09:54:20.513+05:30 DEBUG 94548 --- [CIVWBMS Backend] [nio-8080-exec-2] o.s.jdbc.core.JdbcTemplate               : Executing prepared SQL update
2026-06-04T09:54:20.514+05:30 DEBUG 94548 --- [CIVWBMS Backend] [nio-8080-exec-2] o.s.jdbc.core.JdbcTemplate               : Executing prepared SQL statement [UPDATE employees SET password_hash=? WHERE id=?]
2026-06-04T09:54:20.539+05:30 DEBUG 94548 --- [CIVWBMS Backend] [nio-8080-exec-3] o.s.web.servlet.DispatcherServlet        : GET "/api/subsidiaries", parameters={}
2026-06-04T09:54:20.540+05:30 DEBUG 94548 --- [CIVWBMS Backend] [nio-8080-exec-3] s.w.s.m.m.a.RequestMappingHandlerMapping : Mapped to com.civwbms.controller.ApiController#subsidiaries()
2026-06-04T09:54:20.542+05:30 DEBUG 94548 --- [CIVWBMS Backend] [nio-8080-exec-3] o.s.jdbc.core.JdbcTemplate               : Executing SQL query [SELECT * FROM subsidiaries ORDER BY name]
2026-06-04T09:54:20.561+05:30 DEBUG 94548 --- [CIVWBMS Backend] [nio-8080-exec-3] m.m.a.RequestResponseBodyMethodProcessor : Using 'application/json', given [*/*] and supported [application/json, application/*+json]
2026-06-04T09:54:20.563+05:30 DEBUG 94548 --- [CIVWBMS Backend] [nio-8080-exec-3] m.m.a.RequestResponseBodyMethodProcessor : Writing [[{id=2, code=BCCL, name=Bharat Coking Coal Limited}, {id=3, code=CCL, name=Central Coalfields Limite (truncated)...]
2026-06-04T09:54:20.593+05:30 DEBUG 94548 --- [CIVWBMS Backend] [nio-8080-exec-3] o.s.web.servlet.DispatcherServlet        : Completed 200 OK
2026-06-04T09:54:20.678+05:30 DEBUG 94548 --- [CIVWBMS Backend] [nio-8080-exec-2] o.s.w.s.m.m.a.HttpEntityMethodProcessor  : Using 'application/json', given [*/*] and supported [application/json, application/*+json]
2026-06-04T09:54:20.678+05:30 DEBUG 94548 --- [CIVWBMS Backend] [nio-8080-exec-2] o.s.w.s.m.m.a.HttpEntityMethodProcessor  : Writing [{user={role=EMPLOYEE, id=1, identifier=EMP001, name=Employee 1, subsidiaryId=1}, token=eyJhbGciOiJIU (truncated)...]
2026-06-04T09:54:20.682+05:30 DEBUG 94548 --- [CIVWBMS Backend] [nio-8080-exec-2] o.s.web.servlet.DispatcherServlet        : Completed 200 OK
2026-06-04T09:54:53.832+05:30 DEBUG 94548 --- [CIVWBMS Backend] [nio-8080-exec-6] o.s.web.servlet.DispatcherServlet        : GET "/api/subsidiaries", parameters={}
2026-06-04T09:54:53.833+05:30 DEBUG 94548 --- [CIVWBMS Backend] [nio-8080-exec-6] s.w.s.m.m.a.RequestMappingHandlerMapping : Mapped to com.civwbms.controller.ApiController#subsidiaries()
2026-06-04T09:54:53.834+05:30 DEBUG 94548 --- [CIVWBMS Backend] [nio-8080-exec-6] o.s.jdbc.core.JdbcTemplate               : Executing SQL query [SELECT * FROM subsidiaries ORDER BY name]
2026-06-04T09:54:53.838+05:30 DEBUG 94548 --- [CIVWBMS Backend] [nio-8080-exec-6] m.m.a.RequestResponseBodyMethodProcessor : Using 'application/json', given [application/json, text/plain, */*] and supported [application/json, application/*+json]
2026-06-04T09:54:53.840+05:30 DEBUG 94548 --- [CIVWBMS Backend] [nio-8080-exec-6] m.m.a.RequestResponseBodyMethodProcessor : Writing [[{id=2, code=BCCL, name=Bharat Coking Coal Limited}, {id=3, code=CCL, name=Central Coalfields Limite (truncated)...]
2026-06-04T09:54:53.842+05:30 DEBUG 94548 --- [CIVWBMS Backend] [nio-8080-exec-6] o.s.web.servlet.DispatcherServlet        : Completed 200 OK
2026-06-04T09:54:55.141+05:30 DEBUG 94548 --- [CIVWBMS Backend] [nio-8080-exec-7] o.s.web.servlet.DispatcherServlet        : GET "/api/subsidiaries", parameters={}
2026-06-04T09:54:55.141+05:30 DEBUG 94548 --- [CIVWBMS Backend] [nio-8080-exec-7] s.w.s.m.m.a.RequestMappingHandlerMapping : Mapped to com.civwbms.controller.ApiController#subsidiaries()
2026-06-04T09:54:55.142+05:30 DEBUG 94548 --- [CIVWBMS Backend] [nio-8080-exec-7] o.s.jdbc.core.JdbcTemplate               : Executing SQL query [SELECT * FROM subsidiaries ORDER BY name]
2026-06-04T09:54:55.144+05:30 DEBUG 94548 --- [CIVWBMS Backend] [nio-8080-exec-7] m.m.a.RequestResponseBodyMethodProcessor : Using 'application/json', given [application/json, text/plain, */*] and supported [application/json, application/*+json]
2026-06-04T09:54:55.145+05:30 DEBUG 94548 --- [CIVWBMS Backend] [nio-8080-exec-7] m.m.a.RequestResponseBodyMethodProcessor : Writing [[{id=2, code=BCCL, name=Bharat Coking Coal Limited}, {id=3, code=CCL, name=Central Coalfields Limite (truncated)...]
2026-06-04T09:54:55.148+05:30 DEBUG 94548 --- [CIVWBMS Backend] [nio-8080-exec-7] o.s.web.servlet.DispatcherServlet        : Completed 200 OK
2026-06-04T09:56:30.463+05:30 DEBUG 94548 --- [CIVWBMS Backend] [io-8080-exec-10] o.s.web.servlet.DispatcherServlet        : GET "/api/subsidiaries", parameters={}
2026-06-04T09:56:30.465+05:30 DEBUG 94548 --- [CIVWBMS Backend] [io-8080-exec-10] s.w.s.m.m.a.RequestMappingHandlerMapping : Mapped to com.civwbms.controller.ApiController#subsidiaries()
2026-06-04T09:56:30.466+05:30 DEBUG 94548 --- [CIVWBMS Backend] [io-8080-exec-10] o.s.jdbc.core.JdbcTemplate               : Executing SQL query [SELECT * FROM subsidiaries ORDER BY name]
2026-06-04T09:56:30.469+05:30 DEBUG 94548 --- [CIVWBMS Backend] [io-8080-exec-10] m.m.a.RequestResponseBodyMethodProcessor : Using 'application/json', given [application/json, text/plain, */*] and supported [application/json, application/*+json]
2026-06-04T09:56:30.470+05:30 DEBUG 94548 --- [CIVWBMS Backend] [io-8080-exec-10] m.m.a.RequestResponseBodyMethodProcessor : Writing [[{id=2, code=BCCL, name=Bharat Coking Coal Limited}, {id=3, code=CCL, name=Central Coalfields Limite (truncated)...]
2026-06-04T09:56:30.472+05:30 DEBUG 94548 --- [CIVWBMS Backend] [io-8080-exec-10] o.s.web.servlet.DispatcherServlet        : Completed 200 OK
2026-06-04T09:56:30.538+05:30 DEBUG 94548 --- [CIVWBMS Backend] [nio-8080-exec-1] o.s.web.servlet.DispatcherServlet        : GET "/api/subsidiaries", parameters={}
2026-06-04T09:56:30.539+05:30 DEBUG 94548 --- [CIVWBMS Backend] [nio-8080-exec-1] s.w.s.m.m.a.RequestMappingHandlerMapping : Mapped to com.civwbms.controller.ApiController#subsidiaries()
2026-06-04T09:56:30.539+05:30 DEBUG 94548 --- [CIVWBMS Backend] [nio-8080-exec-1] o.s.jdbc.core.JdbcTemplate               : Executing SQL query [SELECT * FROM subsidiaries ORDER BY name]
2026-06-04T09:56:30.543+05:30 DEBUG 94548 --- [CIVWBMS Backend] [nio-8080-exec-1] m.m.a.RequestResponseBodyMethodProcessor : Using 'application/json', given [application/json, text/plain, */*] and supported [application/json, application/*+json]
2026-06-04T09:56:30.545+05:30 DEBUG 94548 --- [CIVWBMS Backend] [nio-8080-exec-1] m.m.a.RequestResponseBodyMethodProcessor : Writing [[{id=2, code=BCCL, name=Bharat Coking Coal Limited}, {id=3, code=CCL, name=Central Coalfields Limite (truncated)...]
2026-06-04T09:56:30.547+05:30 DEBUG 94548 --- [CIVWBMS Backend] [nio-8080-exec-1] o.s.web.servlet.DispatcherServlet        : Completed 200 OK
2026-06-04T09:57:40.036+05:30 DEBUG 94548 --- [CIVWBMS Backend] [nio-8080-exec-4] o.s.web.servlet.DispatcherServlet        : GET "/api/subsidiaries", parameters={}
2026-06-04T09:57:40.037+05:30 DEBUG 94548 --- [CIVWBMS Backend] [nio-8080-exec-4] s.w.s.m.m.a.RequestMappingHandlerMapping : Mapped to com.civwbms.controller.ApiController#subsidiaries()
2026-06-04T09:57:40.038+05:30 DEBUG 94548 --- [CIVWBMS Backend] [nio-8080-exec-4] o.s.jdbc.core.JdbcTemplate               : Executing SQL query [SELECT * FROM subsidiaries ORDER BY name]
2026-06-04T09:57:40.047+05:30 DEBUG 94548 --- [CIVWBMS Backend] [nio-8080-exec-4] m.m.a.RequestResponseBodyMethodProcessor : Using 'application/json', given [application/json, text/plain, */*] and supported [application/json, application/*+json]
2026-06-04T09:57:40.048+05:30 DEBUG 94548 --- [CIVWBMS Backend] [nio-8080-exec-4] m.m.a.RequestResponseBodyMethodProcessor : Writing [[{id=2, code=BCCL, name=Bharat Coking Coal Limited}, {id=3, code=CCL, name=Central Coalfields Limite (truncated)...]
2026-06-04T09:57:40.051+05:30 DEBUG 94548 --- [CIVWBMS Backend] [nio-8080-exec-4] o.s.web.servlet.DispatcherServlet        : Completed 200 OK
2026-06-04T09:57:59.320+05:30 DEBUG 94548 --- [CIVWBMS Backend] [nio-8080-exec-6] o.s.web.servlet.DispatcherServlet        : POST "/api/auth/login", parameters={}
2026-06-04T09:57:59.321+05:30 DEBUG 94548 --- [CIVWBMS Backend] [nio-8080-exec-6] s.w.s.m.m.a.RequestMappingHandlerMapping : Mapped to com.civwbms.controller.AuthController#login(AuthRequest)
2026-06-04T09:57:59.332+05:30 DEBUG 94548 --- [CIVWBMS Backend] [nio-8080-exec-6] m.m.a.RequestResponseBodyMethodProcessor : Read "application/json;charset=UTF-8" to [AuthRequest[role=EMPLOYEE, identifier=EMP001, password=Password@123, subsidiaryId=1, profile={subsid (truncated)...]
2026-06-04T09:57:59.336+05:30 DEBUG 94548 --- [CIVWBMS Backend] [nio-8080-exec-6] o.s.jdbc.core.JdbcTemplate               : Executing prepared SQL query
2026-06-04T09:57:59.336+05:30 DEBUG 94548 --- [CIVWBMS Backend] [nio-8080-exec-6] o.s.jdbc.core.JdbcTemplate               : Executing prepared SQL statement [SELECT id, employee_code identifier, full_name name, password_hash, subsidiary_id FROM employees WHERE employee_code=? AND subsidiary_id=1]
2026-06-04T09:57:59.511+05:30 DEBUG 94548 --- [CIVWBMS Backend] [nio-8080-exec-6] o.s.w.s.m.m.a.HttpEntityMethodProcessor  : Using 'application/json', given [application/json, text/plain, */*] and supported [application/json, application/*+json]
2026-06-04T09:57:59.511+05:30 DEBUG 94548 --- [CIVWBMS Backend] [nio-8080-exec-6] o.s.w.s.m.m.a.HttpEntityMethodProcessor  : Writing [{user={role=EMPLOYEE, id=1, identifier=EMP001, name=Employee 1, subsidiaryId=1}, token=eyJhbGciOiJIU (truncated)...]
2026-06-04T09:57:59.513+05:30 DEBUG 94548 --- [CIVWBMS Backend] [nio-8080-exec-6] o.s.web.servlet.DispatcherServlet        : Completed 200 OK
2026-06-04T09:58:06.450+05:30 DEBUG 94548 --- [CIVWBMS Backend] [nio-8080-exec-1] o.s.web.servlet.DispatcherServlet        : GET "/api/attendance", parameters={}
2026-06-04T09:58:06.450+05:30 DEBUG 94548 --- [CIVWBMS Backend] [nio-8080-exec-2] o.s.web.servlet.DispatcherServlet        : GET "/api/dashboard", parameters={}
2026-06-04T09:58:06.450+05:30 DEBUG 94548 --- [CIVWBMS Backend] [nio-8080-exec-3] o.s.web.servlet.DispatcherServlet        : GET "/api/subsidiaries", parameters={}
2026-06-04T09:58:06.450+05:30 DEBUG 94548 --- [CIVWBMS Backend] [nio-8080-exec-1] s.w.s.m.m.a.RequestMappingHandlerMapping : Mapped to com.civwbms.controller.ApiController#list(String, Authentication)
2026-06-04T09:58:06.452+05:30 DEBUG 94548 --- [CIVWBMS Backend] [nio-8080-exec-2] s.w.s.m.m.a.RequestMappingHandlerMapping : Mapped to com.civwbms.controller.ApiController#dashboard(Authentication)
2026-06-04T09:58:06.452+05:30 DEBUG 94548 --- [CIVWBMS Backend] [nio-8080-exec-3] s.w.s.m.m.a.RequestMappingHandlerMapping : Mapped to com.civwbms.controller.ApiController#subsidiaries()
2026-06-04T09:58:06.452+05:30 DEBUG 94548 --- [CIVWBMS Backend] [nio-8080-exec-3] o.s.jdbc.core.JdbcTemplate               : Executing SQL query [SELECT * FROM subsidiaries ORDER BY name]
2026-06-04T09:58:06.455+05:30 DEBUG 94548 --- [CIVWBMS Backend] [nio-8080-exec-1] o.s.jdbc.core.JdbcTemplate               : Executing prepared SQL query
2026-06-04T09:58:06.455+05:30 DEBUG 94548 --- [CIVWBMS Backend] [nio-8080-exec-3] m.m.a.RequestResponseBodyMethodProcessor : Using 'application/json', given [application/json, text/plain, */*] and supported [application/json, application/*+json]
2026-06-04T09:58:06.455+05:30 DEBUG 94548 --- [CIVWBMS Backend] [nio-8080-exec-1] o.s.jdbc.core.JdbcTemplate               : Executing prepared SQL statement [SELECT * FROM attendance WHERE employee_id=? ORDER BY attendance_date DESC]
2026-06-04T09:58:06.455+05:30 DEBUG 94548 --- [CIVWBMS Backend] [nio-8080-exec-3] m.m.a.RequestResponseBodyMethodProcessor : Writing [[{id=2, code=BCCL, name=Bharat Coking Coal Limited}, {id=3, code=CCL, name=Central Coalfields Limite (truncated)...]
2026-06-04T09:58:06.460+05:30 DEBUG 94548 --- [CIVWBMS Backend] [nio-8080-exec-3] o.s.web.servlet.DispatcherServlet        : Completed 200 OK
2026-06-04T09:58:06.460+05:30 DEBUG 94548 --- [CIVWBMS Backend] [nio-8080-exec-2] o.s.jdbc.core.JdbcTemplate               : Executing prepared SQL query
2026-06-04T09:58:06.460+05:30 DEBUG 94548 --- [CIVWBMS Backend] [nio-8080-exec-2] o.s.jdbc.core.JdbcTemplate               : Executing prepared SQL statement [SELECT COUNT(*) FROM attendance WHERE employee_id=?]
2026-06-04T09:58:06.491+05:30 DEBUG 94548 --- [CIVWBMS Backend] [nio-8080-exec-2] o.s.jdbc.core.JdbcTemplate               : Executing prepared SQL query
2026-06-04T09:58:06.491+05:30 DEBUG 94548 --- [CIVWBMS Backend] [nio-8080-exec-2] o.s.jdbc.core.JdbcTemplate               : Executing prepared SQL statement [SELECT COUNT(*) FROM leave_applications WHERE employee_id=?]
2026-06-04T09:58:06.493+05:30 DEBUG 94548 --- [CIVWBMS Backend] [nio-8080-exec-2] o.s.jdbc.core.JdbcTemplate               : Executing prepared SQL query
2026-06-04T09:58:06.493+05:30 DEBUG 94548 --- [CIVWBMS Backend] [nio-8080-exec-2] o.s.jdbc.core.JdbcTemplate               : Executing prepared SQL statement [SELECT COUNT(*) FROM scholarships WHERE employee_id=?]
2026-06-04T09:58:06.500+05:30 DEBUG 94548 --- [CIVWBMS Backend] [nio-8080-exec-1] m.m.a.RequestResponseBodyMethodProcessor : Using 'application/json', given [application/json, text/plain, */*] and supported [application/json, application/*+json]
2026-06-04T09:58:06.500+05:30 DEBUG 94548 --- [CIVWBMS Backend] [nio-8080-exec-1] m.m.a.RequestResponseBodyMethodProcessor : Writing [[{id=1, employee_id=1, attendance_date=2026-06-03, in_time=09:00:00, out_time=17:30:00, status=Appro (truncated)...]
2026-06-04T09:58:06.516+05:30 DEBUG 94548 --- [CIVWBMS Backend] [nio-8080-exec-1] o.s.web.servlet.DispatcherServlet        : Completed 200 OK
2026-06-04T09:58:06.564+05:30 DEBUG 94548 --- [CIVWBMS Backend] [nio-8080-exec-2] o.s.jdbc.core.JdbcTemplate               : Executing prepared SQL query
2026-06-04T09:58:06.564+05:30 DEBUG 94548 --- [CIVWBMS Backend] [nio-8080-exec-2] o.s.jdbc.core.JdbcTemplate               : Executing prepared SQL statement [SELECT COUNT(*) FROM notifications WHERE recipient_role='EMPLOYEE' AND recipient_id=? AND is_read=0]
2026-06-04T09:58:06.569+05:30 DEBUG 94548 --- [CIVWBMS Backend] [nio-8080-exec-2] o.s.jdbc.core.JdbcTemplate               : Executing prepared SQL query
2026-06-04T09:58:06.569+05:30 DEBUG 94548 --- [CIVWBMS Backend] [nio-8080-exec-2] o.s.jdbc.core.JdbcTemplate               : Executing prepared SQL statement [SELECT coal_quality label, SUM(available_quantity) value FROM coal_inventory WHERE subsidiary_id=? GROUP BY coal_quality]
2026-06-04T09:58:06.578+05:30 DEBUG 94548 --- [CIVWBMS Backend] [nio-8080-exec-2] o.s.jdbc.core.JdbcTemplate               : Executing prepared SQL query
2026-06-04T09:58:06.579+05:30 DEBUG 94548 --- [CIVWBMS Backend] [nio-8080-exec-2] o.s.jdbc.core.JdbcTemplate               : Executing prepared SQL statement [SELECT status label, COUNT(*) value FROM coal_orders WHERE subsidiary_id=? GROUP BY status]
2026-06-04T09:58:06.581+05:30 DEBUG 94548 --- [CIVWBMS Backend] [nio-8080-exec-2] o.s.jdbc.core.JdbcTemplate               : Executing prepared SQL query
2026-06-04T09:58:06.581+05:30 DEBUG 94548 --- [CIVWBMS Backend] [nio-8080-exec-2] o.s.jdbc.core.JdbcTemplate               : Executing prepared SQL statement [SELECT DATE_FORMAT(created_at,'%Y-%m') label, COUNT(*) value FROM coal_orders WHERE subsidiary_id=? GROUP BY DATE_FORMAT(created_at,'%Y-%m') ORDER BY label]
2026-06-04T09:58:06.589+05:30 DEBUG 94548 --- [CIVWBMS Backend] [nio-8080-exec-2] m.m.a.RequestResponseBodyMethodProcessor : Using 'application/json', given [application/json, text/plain, */*] and supported [application/json, application/*+json]
2026-06-04T09:58:06.589+05:30 DEBUG 94548 --- [CIVWBMS Backend] [nio-8080-exec-2] m.m.a.RequestResponseBodyMethodProcessor : Writing [{attendance=1, leaves=1, scholarships=0, notifications=1, charts={quality=[{label=Premium, value=201 (truncated)...]
2026-06-04T09:58:06.598+05:30 DEBUG 94548 --- [CIVWBMS Backend] [nio-8080-exec-2] o.s.web.servlet.DispatcherServlet        : Completed 200 OK
2026-06-04T09:58:11.389+05:30 DEBUG 94548 --- [CIVWBMS Backend] [nio-8080-exec-7] o.s.web.servlet.DispatcherServlet        : GET "/api/scholarship", parameters={}
2026-06-04T09:58:11.390+05:30 DEBUG 94548 --- [CIVWBMS Backend] [nio-8080-exec-8] o.s.web.servlet.DispatcherServlet        : GET "/api/subsidiaries", parameters={}
2026-06-04T09:58:11.390+05:30 DEBUG 94548 --- [CIVWBMS Backend] [nio-8080-exec-8] s.w.s.m.m.a.RequestMappingHandlerMapping : Mapped to com.civwbms.controller.ApiController#subsidiaries()
2026-06-04T09:58:11.391+05:30 DEBUG 94548 --- [CIVWBMS Backend] [nio-8080-exec-8] o.s.jdbc.core.JdbcTemplate               : Executing SQL query [SELECT * FROM subsidiaries ORDER BY name]
2026-06-04T09:58:11.389+05:30 DEBUG 94548 --- [CIVWBMS Backend] [nio-8080-exec-9] o.s.web.servlet.DispatcherServlet        : GET "/api/dashboard", parameters={}
2026-06-04T09:58:11.392+05:30 DEBUG 94548 --- [CIVWBMS Backend] [nio-8080-exec-9] s.w.s.m.m.a.RequestMappingHandlerMapping : Mapped to com.civwbms.controller.ApiController#dashboard(Authentication)
2026-06-04T09:58:11.393+05:30 DEBUG 94548 --- [CIVWBMS Backend] [nio-8080-exec-9] o.s.jdbc.core.JdbcTemplate               : Executing prepared SQL query
2026-06-04T09:58:11.393+05:30 DEBUG 94548 --- [CIVWBMS Backend] [nio-8080-exec-9] o.s.jdbc.core.JdbcTemplate               : Executing prepared SQL statement [SELECT COUNT(*) FROM attendance WHERE employee_id=?]
2026-06-04T09:58:11.390+05:30 DEBUG 94548 --- [CIVWBMS Backend] [nio-8080-exec-7] s.w.s.m.m.a.RequestMappingHandlerMapping : Mapped to com.civwbms.controller.ApiController#list(String, Authentication)
2026-06-04T09:58:11.396+05:30 DEBUG 94548 --- [CIVWBMS Backend] [nio-8080-exec-8] m.m.a.RequestResponseBodyMethodProcessor : Using 'application/json', given [application/json, text/plain, */*] and supported [application/json, application/*+json]
2026-06-04T09:58:11.399+05:30 DEBUG 94548 --- [CIVWBMS Backend] [nio-8080-exec-8] m.m.a.RequestResponseBodyMethodProcessor : Writing [[{id=2, code=BCCL, name=Bharat Coking Coal Limited}, {id=3, code=CCL, name=Central Coalfields Limite (truncated)...]
2026-06-04T09:58:11.399+05:30 DEBUG 94548 --- [CIVWBMS Backend] [nio-8080-exec-9] o.s.jdbc.core.JdbcTemplate               : Executing prepared SQL query
2026-06-04T09:58:11.398+05:30 DEBUG 94548 --- [CIVWBMS Backend] [nio-8080-exec-7] o.s.jdbc.core.JdbcTemplate               : Executing prepared SQL query
2026-06-04T09:58:11.399+05:30 DEBUG 94548 --- [CIVWBMS Backend] [nio-8080-exec-9] o.s.jdbc.core.JdbcTemplate               : Executing prepared SQL statement [SELECT COUNT(*) FROM leave_applications WHERE employee_id=?]
2026-06-04T09:58:11.400+05:30 DEBUG 94548 --- [CIVWBMS Backend] [nio-8080-exec-7] o.s.jdbc.core.JdbcTemplate               : Executing prepared SQL statement [SELECT * FROM scholarships WHERE employee_id=? ORDER BY created_at DESC]
2026-06-04T09:58:11.401+05:30 DEBUG 94548 --- [CIVWBMS Backend] [nio-8080-exec-8] o.s.web.servlet.DispatcherServlet        : Completed 200 OK
2026-06-04T09:58:11.402+05:30 DEBUG 94548 --- [CIVWBMS Backend] [nio-8080-exec-9] o.s.jdbc.core.JdbcTemplate               : Executing prepared SQL query
2026-06-04T09:58:11.402+05:30 DEBUG 94548 --- [CIVWBMS Backend] [nio-8080-exec-9] o.s.jdbc.core.JdbcTemplate               : Executing prepared SQL statement [SELECT COUNT(*) FROM scholarships WHERE employee_id=?]
2026-06-04T09:58:11.404+05:30 DEBUG 94548 --- [CIVWBMS Backend] [nio-8080-exec-9] o.s.jdbc.core.JdbcTemplate               : Executing prepared SQL query
2026-06-04T09:58:11.404+05:30 DEBUG 94548 --- [CIVWBMS Backend] [nio-8080-exec-9] o.s.jdbc.core.JdbcTemplate               : Executing prepared SQL statement [SELECT COUNT(*) FROM notifications WHERE recipient_role='EMPLOYEE' AND recipient_id=? AND is_read=0]
2026-06-04T09:58:11.404+05:30 DEBUG 94548 --- [CIVWBMS Backend] [nio-8080-exec-7] m.m.a.RequestResponseBodyMethodProcessor : Using 'application/json', given [application/json, text/plain, */*] and supported [application/json, application/*+json]
2026-06-04T09:58:11.406+05:30 DEBUG 94548 --- [CIVWBMS Backend] [nio-8080-exec-7] m.m.a.RequestResponseBodyMethodProcessor : Writing [[]]
2026-06-04T09:58:11.406+05:30 DEBUG 94548 --- [CIVWBMS Backend] [nio-8080-exec-9] o.s.jdbc.core.JdbcTemplate               : Executing prepared SQL query
2026-06-04T09:58:11.407+05:30 DEBUG 94548 --- [CIVWBMS Backend] [nio-8080-exec-9] o.s.jdbc.core.JdbcTemplate               : Executing prepared SQL statement [SELECT coal_quality label, SUM(available_quantity) value FROM coal_inventory WHERE subsidiary_id=? GROUP BY coal_quality]
2026-06-04T09:58:11.407+05:30 DEBUG 94548 --- [CIVWBMS Backend] [nio-8080-exec-7] o.s.web.servlet.DispatcherServlet        : Completed 200 OK
2026-06-04T09:58:11.409+05:30 DEBUG 94548 --- [CIVWBMS Backend] [nio-8080-exec-9] o.s.jdbc.core.JdbcTemplate               : Executing prepared SQL query
2026-06-04T09:58:11.409+05:30 DEBUG 94548 --- [CIVWBMS Backend] [nio-8080-exec-9] o.s.jdbc.core.JdbcTemplate               : Executing prepared SQL statement [SELECT status label, COUNT(*) value FROM coal_orders WHERE subsidiary_id=? GROUP BY status]
2026-06-04T09:58:11.411+05:30 DEBUG 94548 --- [CIVWBMS Backend] [nio-8080-exec-9] o.s.jdbc.core.JdbcTemplate               : Executing prepared SQL query
2026-06-04T09:58:11.411+05:30 DEBUG 94548 --- [CIVWBMS Backend] [nio-8080-exec-9] o.s.jdbc.core.JdbcTemplate               : Executing prepared SQL statement [SELECT DATE_FORMAT(created_at,'%Y-%m') label, COUNT(*) value FROM coal_orders WHERE subsidiary_id=? GROUP BY DATE_FORMAT(created_at,'%Y-%m') ORDER BY label]
2026-06-04T09:58:11.413+05:30 DEBUG 94548 --- [CIVWBMS Backend] [nio-8080-exec-9] m.m.a.RequestResponseBodyMethodProcessor : Using 'application/json', given [application/json, text/plain, */*] and supported [application/json, application/*+json]
2026-06-04T09:58:11.413+05:30 DEBUG 94548 --- [CIVWBMS Backend] [nio-8080-exec-9] m.m.a.RequestResponseBodyMethodProcessor : Writing [{attendance=1, leaves=1, scholarships=0, notifications=1, charts={quality=[{label=Premium, value=201 (truncated)...]
2026-06-04T09:58:11.416+05:30 DEBUG 94548 --- [CIVWBMS Backend] [nio-8080-exec-9] o.s.web.servlet.DispatcherServlet        : Completed 200 OK
2026-06-04T09:58:12.814+05:30 DEBUG 94548 --- [CIVWBMS Backend] [nio-8080-exec-1] o.s.web.servlet.DispatcherServlet        : GET "/api/dashboard", parameters={}
2026-06-04T09:58:12.814+05:30 DEBUG 94548 --- [CIVWBMS Backend] [nio-8080-exec-3] o.s.web.servlet.DispatcherServlet        : GET "/api/subsidiaries", parameters={}
2026-06-04T09:58:12.822+05:30 DEBUG 94548 --- [CIVWBMS Backend] [nio-8080-exec-3] s.w.s.m.m.a.RequestMappingHandlerMapping : Mapped to com.civwbms.controller.ApiController#subsidiaries()
2026-06-04T09:58:12.822+05:30 DEBUG 94548 --- [CIVWBMS Backend] [nio-8080-exec-1] s.w.s.m.m.a.RequestMappingHandlerMapping : Mapped to com.civwbms.controller.ApiController#dashboard(Authentication)
2026-06-04T09:58:12.822+05:30 DEBUG 94548 --- [CIVWBMS Backend] [nio-8080-exec-3] o.s.jdbc.core.JdbcTemplate               : Executing SQL query [SELECT * FROM subsidiaries ORDER BY name]
2026-06-04T09:58:12.822+05:30 DEBUG 94548 --- [CIVWBMS Backend] [nio-8080-exec-1] o.s.jdbc.core.JdbcTemplate               : Executing prepared SQL query
2026-06-04T09:58:12.822+05:30 DEBUG 94548 --- [CIVWBMS Backend] [nio-8080-exec-1] o.s.jdbc.core.JdbcTemplate               : Executing prepared SQL statement [SELECT COUNT(*) FROM attendance WHERE employee_id=?]
2026-06-04T09:58:12.826+05:30 DEBUG 94548 --- [CIVWBMS Backend] [nio-8080-exec-1] o.s.jdbc.core.JdbcTemplate               : Executing prepared SQL query
2026-06-04T09:58:12.826+05:30 DEBUG 94548 --- [CIVWBMS Backend] [nio-8080-exec-1] o.s.jdbc.core.JdbcTemplate               : Executing prepared SQL statement [SELECT COUNT(*) FROM leave_applications WHERE employee_id=?]
2026-06-04T09:58:12.826+05:30 DEBUG 94548 --- [CIVWBMS Backend] [nio-8080-exec-3] m.m.a.RequestResponseBodyMethodProcessor : Using 'application/json', given [application/json, text/plain, */*] and supported [application/json, application/*+json]
2026-06-04T09:58:12.826+05:30 DEBUG 94548 --- [CIVWBMS Backend] [nio-8080-exec-3] m.m.a.RequestResponseBodyMethodProcessor : Writing [[{id=2, code=BCCL, name=Bharat Coking Coal Limited}, {id=3, code=CCL, name=Central Coalfields Limite (truncated)...]
2026-06-04T09:58:12.826+05:30 DEBUG 94548 --- [CIVWBMS Backend] [nio-8080-exec-2] o.s.web.servlet.DispatcherServlet        : GET "/api/buscard", parameters={}
2026-06-04T09:58:12.826+05:30 DEBUG 94548 --- [CIVWBMS Backend] [nio-8080-exec-1] o.s.jdbc.core.JdbcTemplate               : Executing prepared SQL query
2026-06-04T09:58:12.826+05:30 DEBUG 94548 --- [CIVWBMS Backend] [nio-8080-exec-2] s.w.s.m.m.a.RequestMappingHandlerMapping : Mapped to com.civwbms.controller.ApiController#list(String, Authentication)
2026-06-04T09:58:12.826+05:30 DEBUG 94548 --- [CIVWBMS Backend] [nio-8080-exec-1] o.s.jdbc.core.JdbcTemplate               : Executing prepared SQL statement [SELECT COUNT(*) FROM scholarships WHERE employee_id=?]
2026-06-04T09:58:12.826+05:30 DEBUG 94548 --- [CIVWBMS Backend] [nio-8080-exec-3] o.s.web.servlet.DispatcherServlet        : Completed 200 OK
2026-06-04T09:58:12.826+05:30 DEBUG 94548 --- [CIVWBMS Backend] [nio-8080-exec-2] o.s.jdbc.core.JdbcTemplate               : Executing prepared SQL query
2026-06-04T09:58:12.826+05:30 DEBUG 94548 --- [CIVWBMS Backend] [nio-8080-exec-2] o.s.jdbc.core.JdbcTemplate               : Executing prepared SQL statement [SELECT * FROM bus_cards WHERE employee_id=? ORDER BY created_at DESC]
2026-06-04T09:58:12.826+05:30 DEBUG 94548 --- [CIVWBMS Backend] [nio-8080-exec-1] o.s.jdbc.core.JdbcTemplate               : Executing prepared SQL query
2026-06-04T09:58:12.830+05:30 DEBUG 94548 --- [CIVWBMS Backend] [nio-8080-exec-1] o.s.jdbc.core.JdbcTemplate               : Executing prepared SQL statement [SELECT COUNT(*) FROM notifications WHERE recipient_role='EMPLOYEE' AND recipient_id=? AND is_read=0]
2026-06-04T09:58:12.838+05:30 DEBUG 94548 --- [CIVWBMS Backend] [nio-8080-exec-1] o.s.jdbc.core.JdbcTemplate               : Executing prepared SQL query
2026-06-04T09:58:12.838+05:30 DEBUG 94548 --- [CIVWBMS Backend] [nio-8080-exec-1] o.s.jdbc.core.JdbcTemplate               : Executing prepared SQL statement [SELECT coal_quality label, SUM(available_quantity) value FROM coal_inventory WHERE subsidiary_id=? GROUP BY coal_quality]
2026-06-04T09:58:12.840+05:30 DEBUG 94548 --- [CIVWBMS Backend] [nio-8080-exec-2] m.m.a.RequestResponseBodyMethodProcessor : Using 'application/json', given [application/json, text/plain, */*] and supported [application/json, application/*+json]
2026-06-04T09:58:12.840+05:30 DEBUG 94548 --- [CIVWBMS Backend] [nio-8080-exec-2] m.m.a.RequestResponseBodyMethodProcessor : Writing [[]]
2026-06-04T09:58:12.843+05:30 DEBUG 94548 --- [CIVWBMS Backend] [nio-8080-exec-1] o.s.jdbc.core.JdbcTemplate               : Executing prepared SQL query
2026-06-04T09:58:12.843+05:30 DEBUG 94548 --- [CIVWBMS Backend] [nio-8080-exec-1] o.s.jdbc.core.JdbcTemplate               : Executing prepared SQL statement [SELECT status label, COUNT(*) value FROM coal_orders WHERE subsidiary_id=? GROUP BY status]
2026-06-04T09:58:12.843+05:30 DEBUG 94548 --- [CIVWBMS Backend] [nio-8080-exec-2] o.s.web.servlet.DispatcherServlet        : Completed 200 OK
2026-06-04T09:58:12.845+05:30 DEBUG 94548 --- [CIVWBMS Backend] [nio-8080-exec-1] o.s.jdbc.core.JdbcTemplate               : Executing prepared SQL query
2026-06-04T09:58:12.847+05:30 DEBUG 94548 --- [CIVWBMS Backend] [nio-8080-exec-1] o.s.jdbc.core.JdbcTemplate               : Executing prepared SQL statement [SELECT DATE_FORMAT(created_at,'%Y-%m') label, COUNT(*) value FROM coal_orders WHERE subsidiary_id=? GROUP BY DATE_FORMAT(created_at,'%Y-%m') ORDER BY label]
2026-06-04T09:58:12.847+05:30 DEBUG 94548 --- [CIVWBMS Backend] [nio-8080-exec-1] m.m.a.RequestResponseBodyMethodProcessor : Using 'application/json', given [application/json, text/plain, */*] and supported [application/json, application/*+json]
2026-06-04T09:58:12.847+05:30 DEBUG 94548 --- [CIVWBMS Backend] [nio-8080-exec-1] m.m.a.RequestResponseBodyMethodProcessor : Writing [{attendance=1, leaves=1, scholarships=0, notifications=1, charts={quality=[{label=Premium, value=201 (truncated)...]
2026-06-04T09:58:12.847+05:30 DEBUG 94548 --- [CIVWBMS Backend] [nio-8080-exec-1] o.s.web.servlet.DispatcherServlet        : Completed 200 OK
2026-06-04T09:58:16.743+05:30 DEBUG 94548 --- [CIVWBMS Backend] [nio-8080-exec-8] o.s.web.servlet.DispatcherServlet        : GET "/api/pension", parameters={}
2026-06-04T09:58:16.744+05:30 DEBUG 94548 --- [CIVWBMS Backend] [nio-8080-exec-7] o.s.web.servlet.DispatcherServlet        : GET "/api/dashboard", parameters={}
2026-06-04T09:58:16.744+05:30 DEBUG 94548 --- [CIVWBMS Backend] [nio-8080-exec-9] o.s.web.servlet.DispatcherServlet        : GET "/api/subsidiaries", parameters={}
2026-06-04T09:58:16.745+05:30 DEBUG 94548 --- [CIVWBMS Backend] [nio-8080-exec-8] s.w.s.m.m.a.RequestMappingHandlerMapping : Mapped to com.civwbms.controller.ApiController#list(String, Authentication)
2026-06-04T09:58:16.744+05:30 DEBUG 94548 --- [CIVWBMS Backend] [nio-8080-exec-7] s.w.s.m.m.a.RequestMappingHandlerMapping : Mapped to com.civwbms.controller.ApiController#dashboard(Authentication)
2026-06-04T09:58:16.745+05:30 DEBUG 94548 --- [CIVWBMS Backend] [nio-8080-exec-9] s.w.s.m.m.a.RequestMappingHandlerMapping : Mapped to com.civwbms.controller.ApiController#subsidiaries()
2026-06-04T09:58:16.746+05:30 DEBUG 94548 --- [CIVWBMS Backend] [nio-8080-exec-7] o.s.jdbc.core.JdbcTemplate               : Executing prepared SQL query
2026-06-04T09:58:16.746+05:30 DEBUG 94548 --- [CIVWBMS Backend] [nio-8080-exec-8] o.s.jdbc.core.JdbcTemplate               : Executing prepared SQL query
2026-06-04T09:58:16.746+05:30 DEBUG 94548 --- [CIVWBMS Backend] [nio-8080-exec-9] o.s.jdbc.core.JdbcTemplate               : Executing SQL query [SELECT * FROM subsidiaries ORDER BY name]
2026-06-04T09:58:16.746+05:30 DEBUG 94548 --- [CIVWBMS Backend] [nio-8080-exec-7] o.s.jdbc.core.JdbcTemplate               : Executing prepared SQL statement [SELECT COUNT(*) FROM attendance WHERE employee_id=?]
2026-06-04T09:58:16.746+05:30 DEBUG 94548 --- [CIVWBMS Backend] [nio-8080-exec-8] o.s.jdbc.core.JdbcTemplate               : Executing prepared SQL statement [SELECT * FROM pensions WHERE employee_id=? ORDER BY created_at DESC]
2026-06-04T09:58:16.748+05:30 DEBUG 94548 --- [CIVWBMS Backend] [nio-8080-exec-7] o.s.jdbc.core.JdbcTemplate               : Executing prepared SQL query
2026-06-04T09:58:16.749+05:30 DEBUG 94548 --- [CIVWBMS Backend] [nio-8080-exec-7] o.s.jdbc.core.JdbcTemplate               : Executing prepared SQL statement [SELECT COUNT(*) FROM leave_applications WHERE employee_id=?]
2026-06-04T09:58:16.749+05:30 DEBUG 94548 --- [CIVWBMS Backend] [nio-8080-exec-9] m.m.a.RequestResponseBodyMethodProcessor : Using 'application/json', given [application/json, text/plain, */*] and supported [application/json, application/*+json]
2026-06-04T09:58:16.750+05:30 DEBUG 94548 --- [CIVWBMS Backend] [nio-8080-exec-9] m.m.a.RequestResponseBodyMethodProcessor : Writing [[{id=2, code=BCCL, name=Bharat Coking Coal Limited}, {id=3, code=CCL, name=Central Coalfields Limite (truncated)...]
2026-06-04T09:58:16.750+05:30 DEBUG 94548 --- [CIVWBMS Backend] [nio-8080-exec-7] o.s.jdbc.core.JdbcTemplate               : Executing prepared SQL query
2026-06-04T09:58:16.750+05:30 DEBUG 94548 --- [CIVWBMS Backend] [nio-8080-exec-7] o.s.jdbc.core.JdbcTemplate               : Executing prepared SQL statement [SELECT COUNT(*) FROM scholarships WHERE employee_id=?]
2026-06-04T09:58:16.750+05:30 DEBUG 94548 --- [CIVWBMS Backend] [nio-8080-exec-9] o.s.web.servlet.DispatcherServlet        : Completed 200 OK
2026-06-04T09:58:16.751+05:30 DEBUG 94548 --- [CIVWBMS Backend] [nio-8080-exec-7] o.s.jdbc.core.JdbcTemplate               : Executing prepared SQL query
2026-06-04T09:58:16.751+05:30 DEBUG 94548 --- [CIVWBMS Backend] [nio-8080-exec-7] o.s.jdbc.core.JdbcTemplate               : Executing prepared SQL statement [SELECT COUNT(*) FROM notifications WHERE recipient_role='EMPLOYEE' AND recipient_id=? AND is_read=0]
2026-06-04T09:58:16.752+05:30 DEBUG 94548 --- [CIVWBMS Backend] [nio-8080-exec-7] o.s.jdbc.core.JdbcTemplate               : Executing prepared SQL query
2026-06-04T09:58:16.754+05:30 DEBUG 94548 --- [CIVWBMS Backend] [nio-8080-exec-7] o.s.jdbc.core.JdbcTemplate               : Executing prepared SQL statement [SELECT coal_quality label, SUM(available_quantity) value FROM coal_inventory WHERE subsidiary_id=? GROUP BY coal_quality]
2026-06-04T09:58:16.755+05:30 DEBUG 94548 --- [CIVWBMS Backend] [nio-8080-exec-7] o.s.jdbc.core.JdbcTemplate               : Executing prepared SQL query
2026-06-04T09:58:16.755+05:30 DEBUG 94548 --- [CIVWBMS Backend] [nio-8080-exec-7] o.s.jdbc.core.JdbcTemplate               : Executing prepared SQL statement [SELECT status label, COUNT(*) value FROM coal_orders WHERE subsidiary_id=? GROUP BY status]
2026-06-04T09:58:16.756+05:30 DEBUG 94548 --- [CIVWBMS Backend] [nio-8080-exec-7] o.s.jdbc.core.JdbcTemplate               : Executing prepared SQL query
2026-06-04T09:58:16.756+05:30 DEBUG 94548 --- [CIVWBMS Backend] [nio-8080-exec-7] o.s.jdbc.core.JdbcTemplate               : Executing prepared SQL statement [SELECT DATE_FORMAT(created_at,'%Y-%m') label, COUNT(*) value FROM coal_orders WHERE subsidiary_id=? GROUP BY DATE_FORMAT(created_at,'%Y-%m') ORDER BY label]
2026-06-04T09:58:16.759+05:30 DEBUG 94548 --- [CIVWBMS Backend] [nio-8080-exec-7] m.m.a.RequestResponseBodyMethodProcessor : Using 'application/json', given [application/json, text/plain, */*] and supported [application/json, application/*+json]
2026-06-04T09:58:16.759+05:30 DEBUG 94548 --- [CIVWBMS Backend] [nio-8080-exec-7] m.m.a.RequestResponseBodyMethodProcessor : Writing [{attendance=1, leaves=1, scholarships=0, notifications=1, charts={quality=[{label=Premium, value=201 (truncated)...]
2026-06-04T09:58:16.761+05:30 DEBUG 94548 --- [CIVWBMS Backend] [nio-8080-exec-7] o.s.web.servlet.DispatcherServlet        : Completed 200 OK
2026-06-04T09:58:16.764+05:30 DEBUG 94548 --- [CIVWBMS Backend] [nio-8080-exec-8] m.m.a.RequestResponseBodyMethodProcessor : Using 'application/json', given [application/json, text/plain, */*] and supported [application/json, application/*+json]
2026-06-04T09:58:16.765+05:30 DEBUG 94548 --- [CIVWBMS Backend] [nio-8080-exec-8] m.m.a.RequestResponseBodyMethodProcessor : Writing [[]]
2026-06-04T09:58:16.767+05:30 DEBUG 94548 --- [CIVWBMS Backend] [nio-8080-exec-8] o.s.web.servlet.DispatcherServlet        : Completed 200 OK
2026-06-04T09:58:17.254+05:30 DEBUG 94548 --- [CIVWBMS Backend] [nio-8080-exec-2] o.s.web.servlet.DispatcherServlet        : GET "/api/dashboard", parameters={}
2026-06-04T09:58:17.255+05:30 DEBUG 94548 --- [CIVWBMS Backend] [nio-8080-exec-3] o.s.web.servlet.DispatcherServlet        : GET "/api/subsidiaries", parameters={}
2026-06-04T09:58:17.256+05:30 DEBUG 94548 --- [CIVWBMS Backend] [nio-8080-exec-3] s.w.s.m.m.a.RequestMappingHandlerMapping : Mapped to com.civwbms.controller.ApiController#subsidiaries()
2026-06-04T09:58:17.256+05:30 DEBUG 94548 --- [CIVWBMS Backend] [nio-8080-exec-2] s.w.s.m.m.a.RequestMappingHandlerMapping : Mapped to com.civwbms.controller.ApiController#dashboard(Authentication)
2026-06-04T09:58:17.256+05:30 DEBUG 94548 --- [CIVWBMS Backend] [nio-8080-exec-3] o.s.jdbc.core.JdbcTemplate               : Executing SQL query [SELECT * FROM subsidiaries ORDER BY name]
2026-06-04T09:58:17.257+05:30 DEBUG 94548 --- [CIVWBMS Backend] [nio-8080-exec-2] o.s.jdbc.core.JdbcTemplate               : Executing prepared SQL query
2026-06-04T09:58:17.257+05:30 DEBUG 94548 --- [CIVWBMS Backend] [nio-8080-exec-2] o.s.jdbc.core.JdbcTemplate               : Executing prepared SQL statement [SELECT COUNT(*) FROM attendance WHERE employee_id=?]
2026-06-04T09:58:17.259+05:30 DEBUG 94548 --- [CIVWBMS Backend] [nio-8080-exec-2] o.s.jdbc.core.JdbcTemplate               : Executing prepared SQL query
2026-06-04T09:58:17.259+05:30 DEBUG 94548 --- [CIVWBMS Backend] [nio-8080-exec-2] o.s.jdbc.core.JdbcTemplate               : Executing prepared SQL statement [SELECT COUNT(*) FROM leave_applications WHERE employee_id=?]
2026-06-04T09:58:17.259+05:30 DEBUG 94548 --- [CIVWBMS Backend] [nio-8080-exec-3] m.m.a.RequestResponseBodyMethodProcessor : Using 'application/json', given [application/json, text/plain, */*] and supported [application/json, application/*+json]
2026-06-04T09:58:17.260+05:30 DEBUG 94548 --- [CIVWBMS Backend] [nio-8080-exec-3] m.m.a.RequestResponseBodyMethodProcessor : Writing [[{id=2, code=BCCL, name=Bharat Coking Coal Limited}, {id=3, code=CCL, name=Central Coalfields Limite (truncated)...]
2026-06-04T09:58:17.261+05:30 DEBUG 94548 --- [CIVWBMS Backend] [nio-8080-exec-2] o.s.jdbc.core.JdbcTemplate               : Executing prepared SQL query
2026-06-04T09:58:17.261+05:30 DEBUG 94548 --- [CIVWBMS Backend] [nio-8080-exec-2] o.s.jdbc.core.JdbcTemplate               : Executing prepared SQL statement [SELECT COUNT(*) FROM scholarships WHERE employee_id=?]
2026-06-04T09:58:17.262+05:30 DEBUG 94548 --- [CIVWBMS Backend] [nio-8080-exec-3] o.s.web.servlet.DispatcherServlet        : Completed 200 OK
2026-06-04T09:58:17.264+05:30 DEBUG 94548 --- [CIVWBMS Backend] [nio-8080-exec-1] o.s.web.servlet.DispatcherServlet        : GET "/api/notifications", parameters={}
2026-06-04T09:58:17.264+05:30 DEBUG 94548 --- [CIVWBMS Backend] [nio-8080-exec-2] o.s.jdbc.core.JdbcTemplate               : Executing prepared SQL query
2026-06-04T09:58:17.265+05:30 DEBUG 94548 --- [CIVWBMS Backend] [nio-8080-exec-2] o.s.jdbc.core.JdbcTemplate               : Executing prepared SQL statement [SELECT COUNT(*) FROM notifications WHERE recipient_role='EMPLOYEE' AND recipient_id=? AND is_read=0]
2026-06-04T09:58:17.265+05:30 DEBUG 94548 --- [CIVWBMS Backend] [nio-8080-exec-1] s.w.s.m.m.a.RequestMappingHandlerMapping : Mapped to com.civwbms.controller.ApiController#list(String, Authentication)
2026-06-04T09:58:17.267+05:30 DEBUG 94548 --- [CIVWBMS Backend] [nio-8080-exec-1] o.s.jdbc.core.JdbcTemplate               : Executing prepared SQL query
2026-06-04T09:58:17.267+05:30 DEBUG 94548 --- [CIVWBMS Backend] [nio-8080-exec-2] o.s.jdbc.core.JdbcTemplate               : Executing prepared SQL query
2026-06-04T09:58:17.268+05:30 DEBUG 94548 --- [CIVWBMS Backend] [nio-8080-exec-1] o.s.jdbc.core.JdbcTemplate               : Executing prepared SQL statement [SELECT * FROM notifications WHERE recipient_role=? AND recipient_id=? ORDER BY created_at DESC LIMIT 30]
2026-06-04T09:58:17.268+05:30 DEBUG 94548 --- [CIVWBMS Backend] [nio-8080-exec-2] o.s.jdbc.core.JdbcTemplate               : Executing prepared SQL statement [SELECT coal_quality label, SUM(available_quantity) value FROM coal_inventory WHERE subsidiary_id=? GROUP BY coal_quality]
2026-06-04T09:58:17.269+05:30 DEBUG 94548 --- [CIVWBMS Backend] [nio-8080-exec-2] o.s.jdbc.core.JdbcTemplate               : Executing prepared SQL query
2026-06-04T09:58:17.269+05:30 DEBUG 94548 --- [CIVWBMS Backend] [nio-8080-exec-2] o.s.jdbc.core.JdbcTemplate               : Executing prepared SQL statement [SELECT status label, COUNT(*) value FROM coal_orders WHERE subsidiary_id=? GROUP BY status]
2026-06-04T09:58:17.269+05:30 DEBUG 94548 --- [CIVWBMS Backend] [nio-8080-exec-1] m.m.a.RequestResponseBodyMethodProcessor : Using 'application/json', given [application/json, text/plain, */*] and supported [application/json, application/*+json]
2026-06-04T09:58:17.271+05:30 DEBUG 94548 --- [CIVWBMS Backend] [nio-8080-exec-1] m.m.a.RequestResponseBodyMethodProcessor : Writing [[{id=1, recipient_role=EMPLOYEE, recipient_id=1, title=Welcome, message=Your employee dashboard is a (truncated)...]
2026-06-04T09:58:17.271+05:30 DEBUG 94548 --- [CIVWBMS Backend] [nio-8080-exec-2] o.s.jdbc.core.JdbcTemplate               : Executing prepared SQL query
2026-06-04T09:58:17.272+05:30 DEBUG 94548 --- [CIVWBMS Backend] [nio-8080-exec-2] o.s.jdbc.core.JdbcTemplate               : Executing prepared SQL statement [SELECT DATE_FORMAT(created_at,'%Y-%m') label, COUNT(*) value FROM coal_orders WHERE subsidiary_id=? GROUP BY DATE_FORMAT(created_at,'%Y-%m') ORDER BY label]
2026-06-04T09:58:17.272+05:30 DEBUG 94548 --- [CIVWBMS Backend] [nio-8080-exec-1] o.s.web.servlet.DispatcherServlet        : Completed 200 OK
2026-06-04T09:58:17.273+05:30 DEBUG 94548 --- [CIVWBMS Backend] [nio-8080-exec-2] m.m.a.RequestResponseBodyMethodProcessor : Using 'application/json', given [application/json, text/plain, */*] and supported [application/json, application/*+json]
2026-06-04T09:58:17.274+05:30 DEBUG 94548 --- [CIVWBMS Backend] [nio-8080-exec-2] m.m.a.RequestResponseBodyMethodProcessor : Writing [{attendance=1, leaves=1, scholarships=0, notifications=1, charts={quality=[{label=Premium, value=201 (truncated)...]
2026-06-04T09:58:17.275+05:30 DEBUG 94548 --- [CIVWBMS Backend] [nio-8080-exec-2] o.s.web.servlet.DispatcherServlet        : Completed 200 OK
2026-06-04T09:58:20.619+05:30 DEBUG 94548 --- [CIVWBMS Backend] [nio-8080-exec-6] o.s.web.servlet.DispatcherServlet        : GET "/api/dashboard", parameters={}
2026-06-04T09:58:20.620+05:30 DEBUG 94548 --- [CIVWBMS Backend] [nio-8080-exec-6] s.w.s.m.m.a.RequestMappingHandlerMapping : Mapped to com.civwbms.controller.ApiController#dashboard(Authentication)
2026-06-04T09:58:20.621+05:30 DEBUG 94548 --- [CIVWBMS Backend] [nio-8080-exec-6] o.s.jdbc.core.JdbcTemplate               : Executing prepared SQL query
2026-06-04T09:58:20.621+05:30 DEBUG 94548 --- [CIVWBMS Backend] [nio-8080-exec-6] o.s.jdbc.core.JdbcTemplate               : Executing prepared SQL statement [SELECT COUNT(*) FROM attendance WHERE employee_id=?]
2026-06-04T09:58:20.624+05:30 DEBUG 94548 --- [CIVWBMS Backend] [nio-8080-exec-6] o.s.jdbc.core.JdbcTemplate               : Executing prepared SQL query
2026-06-04T09:58:20.624+05:30 DEBUG 94548 --- [CIVWBMS Backend] [nio-8080-exec-6] o.s.jdbc.core.JdbcTemplate               : Executing prepared SQL statement [SELECT COUNT(*) FROM leave_applications WHERE employee_id=?]
2026-06-04T09:58:20.627+05:30 DEBUG 94548 --- [CIVWBMS Backend] [nio-8080-exec-6] o.s.jdbc.core.JdbcTemplate               : Executing prepared SQL query
2026-06-04T09:58:20.627+05:30 DEBUG 94548 --- [CIVWBMS Backend] [nio-8080-exec-6] o.s.jdbc.core.JdbcTemplate               : Executing prepared SQL statement [SELECT COUNT(*) FROM scholarships WHERE employee_id=?]
2026-06-04T09:58:20.629+05:30 DEBUG 94548 --- [CIVWBMS Backend] [nio-8080-exec-6] o.s.jdbc.core.JdbcTemplate               : Executing prepared SQL query
2026-06-04T09:58:20.629+05:30 DEBUG 94548 --- [CIVWBMS Backend] [nio-8080-exec-6] o.s.jdbc.core.JdbcTemplate               : Executing prepared SQL statement [SELECT COUNT(*) FROM notifications WHERE recipient_role='EMPLOYEE' AND recipient_id=? AND is_read=0]
2026-06-04T09:58:20.631+05:30 DEBUG 94548 --- [CIVWBMS Backend] [nio-8080-exec-6] o.s.jdbc.core.JdbcTemplate               : Executing prepared SQL query
2026-06-04T09:58:20.632+05:30 DEBUG 94548 --- [CIVWBMS Backend] [nio-8080-exec-6] o.s.jdbc.core.JdbcTemplate               : Executing prepared SQL statement [SELECT coal_quality label, SUM(available_quantity) value FROM coal_inventory WHERE subsidiary_id=? GROUP BY coal_quality]
2026-06-04T09:58:20.633+05:30 DEBUG 94548 --- [CIVWBMS Backend] [nio-8080-exec-6] o.s.jdbc.core.JdbcTemplate               : Executing prepared SQL query
2026-06-04T09:58:20.634+05:30 DEBUG 94548 --- [CIVWBMS Backend] [nio-8080-exec-6] o.s.jdbc.core.JdbcTemplate               : Executing prepared SQL statement [SELECT status label, COUNT(*) value FROM coal_orders WHERE subsidiary_id=? GROUP BY status]
2026-06-04T09:58:20.636+05:30 DEBUG 94548 --- [CIVWBMS Backend] [nio-8080-exec-6] o.s.jdbc.core.JdbcTemplate               : Executing prepared SQL query
2026-06-04T09:58:20.636+05:30 DEBUG 94548 --- [CIVWBMS Backend] [nio-8080-exec-6] o.s.jdbc.core.JdbcTemplate               : Executing prepared SQL statement [SELECT DATE_FORMAT(created_at,'%Y-%m') label, COUNT(*) value FROM coal_orders WHERE subsidiary_id=? GROUP BY DATE_FORMAT(created_at,'%Y-%m') ORDER BY label]
2026-06-04T09:58:20.639+05:30 DEBUG 94548 --- [CIVWBMS Backend] [nio-8080-exec-6] m.m.a.RequestResponseBodyMethodProcessor : Using 'application/json', given [application/json, text/plain, */*] and supported [application/json, application/*+json]
2026-06-04T09:58:20.640+05:30 DEBUG 94548 --- [CIVWBMS Backend] [nio-8080-exec-6] m.m.a.RequestResponseBodyMethodProcessor : Writing [{attendance=1, leaves=1, scholarships=0, notifications=1, charts={quality=[{label=Premium, value=201 (truncated)...]
2026-06-04T09:58:20.642+05:30 DEBUG 94548 --- [CIVWBMS Backend] [nio-8080-exec-6] o.s.web.servlet.DispatcherServlet        : Completed 200 OK
2026-06-04T09:58:26.368+05:30 DEBUG 94548 --- [CIVWBMS Backend] [nio-8080-exec-5] o.s.web.servlet.DispatcherServlet        : GET "/api/subsidiaries", parameters={}
2026-06-04T09:58:26.370+05:30 DEBUG 94548 --- [CIVWBMS Backend] [nio-8080-exec-5] s.w.s.m.m.a.RequestMappingHandlerMapping : Mapped to com.civwbms.controller.ApiController#subsidiaries()
2026-06-04T09:58:26.371+05:30 DEBUG 94548 --- [CIVWBMS Backend] [nio-8080-exec-5] o.s.jdbc.core.JdbcTemplate               : Executing SQL query [SELECT * FROM subsidiaries ORDER BY name]
2026-06-04T09:58:26.373+05:30 DEBUG 94548 --- [CIVWBMS Backend] [nio-8080-exec-5] m.m.a.RequestResponseBodyMethodProcessor : Using 'application/json', given [application/json, text/plain, */*] and supported [application/json, application/*+json]
2026-06-04T09:58:26.375+05:30 DEBUG 94548 --- [CIVWBMS Backend] [nio-8080-exec-5] m.m.a.RequestResponseBodyMethodProcessor : Writing [[{id=2, code=BCCL, name=Bharat Coking Coal Limited}, {id=3, code=CCL, name=Central Coalfields Limite (truncated)...]
2026-06-04T09:58:26.376+05:30 DEBUG 94548 --- [CIVWBMS Backend] [nio-8080-exec-5] o.s.web.servlet.DispatcherServlet        : Completed 200 OK
2026-06-04T09:58:51.003+05:30 DEBUG 94548 --- [CIVWBMS Backend] [nio-8080-exec-8] o.s.web.servlet.DispatcherServlet        : POST "/api/auth/login", parameters={}
2026-06-04T09:58:51.004+05:30 DEBUG 94548 --- [CIVWBMS Backend] [nio-8080-exec-8] s.w.s.m.m.a.RequestMappingHandlerMapping : Mapped to com.civwbms.controller.AuthController#login(AuthRequest)
2026-06-04T09:58:51.006+05:30 DEBUG 94548 --- [CIVWBMS Backend] [nio-8080-exec-8] m.m.a.RequestResponseBodyMethodProcessor : Read "application/json;charset=UTF-8" to [AuthRequest[role=ADMIN, identifier=ADM001, password=Password@123, subsidiaryId=1, profile={subsidiar (truncated)...]
2026-06-04T09:58:51.006+05:30 DEBUG 94548 --- [CIVWBMS Backend] [nio-8080-exec-8] o.s.jdbc.core.JdbcTemplate               : Executing prepared SQL query
2026-06-04T09:58:51.007+05:30 DEBUG 94548 --- [CIVWBMS Backend] [nio-8080-exec-8] o.s.jdbc.core.JdbcTemplate               : Executing prepared SQL statement [SELECT id, employee_code identifier, name name, password_hash, subsidiary_id FROM admins WHERE employee_code=? AND subsidiary_id=1]
2026-06-04T09:58:51.013+05:30  WARN 94548 --- [CIVWBMS Backend] [nio-8080-exec-8] o.s.s.c.bcrypt.BCryptPasswordEncoder     : Encoded password does not look like BCrypt
2026-06-04T09:58:51.143+05:30 DEBUG 94548 --- [CIVWBMS Backend] [nio-8080-exec-8] o.s.jdbc.core.JdbcTemplate               : Executing prepared SQL update
2026-06-04T09:58:51.143+05:30 DEBUG 94548 --- [CIVWBMS Backend] [nio-8080-exec-8] o.s.jdbc.core.JdbcTemplate               : Executing prepared SQL statement [UPDATE admins SET password_hash=? WHERE id=?]
2026-06-04T09:58:51.178+05:30 DEBUG 94548 --- [CIVWBMS Backend] [nio-8080-exec-8] o.s.w.s.m.m.a.HttpEntityMethodProcessor  : Using 'application/json', given [application/json, text/plain, */*] and supported [application/json, application/*+json]
2026-06-04T09:58:51.178+05:30 DEBUG 94548 --- [CIVWBMS Backend] [nio-8080-exec-8] o.s.w.s.m.m.a.HttpEntityMethodProcessor  : Writing [{user={role=ADMIN, id=1, identifier=ADM001, name=Admin 1, subsidiaryId=1}, token=eyJhbGciOiJIUzUxMiJ (truncated)...]
2026-06-04T09:58:51.180+05:30 DEBUG 94548 --- [CIVWBMS Backend] [nio-8080-exec-8] o.s.web.servlet.DispatcherServlet        : Completed 200 OK
2026-06-04T09:58:51.226+05:30 DEBUG 94548 --- [CIVWBMS Backend] [nio-8080-exec-3] o.s.web.servlet.DispatcherServlet        : GET "/api/dashboard", parameters={}
2026-06-04T09:58:51.226+05:30 DEBUG 94548 --- [CIVWBMS Backend] [nio-8080-exec-3] s.w.s.m.m.a.RequestMappingHandlerMapping : Mapped to com.civwbms.controller.ApiController#dashboard(Authentication)
2026-06-04T09:58:51.228+05:30 DEBUG 94548 --- [CIVWBMS Backend] [nio-8080-exec-3] o.s.jdbc.core.JdbcTemplate               : Executing prepared SQL query
2026-06-04T09:58:51.229+05:30 DEBUG 94548 --- [CIVWBMS Backend] [nio-8080-exec-3] o.s.jdbc.core.JdbcTemplate               : Executing prepared SQL statement [SELECT COUNT(*) FROM attendance WHERE employee_id=?]
2026-06-04T09:58:51.231+05:30 DEBUG 94548 --- [CIVWBMS Backend] [nio-8080-exec-3] o.s.jdbc.core.JdbcTemplate               : Executing prepared SQL query
2026-06-04T09:58:51.231+05:30 DEBUG 94548 --- [CIVWBMS Backend] [nio-8080-exec-3] o.s.jdbc.core.JdbcTemplate               : Executing prepared SQL statement [SELECT COUNT(*) FROM leave_applications WHERE employee_id=?]
2026-06-04T09:58:51.234+05:30 DEBUG 94548 --- [CIVWBMS Backend] [nio-8080-exec-3] o.s.jdbc.core.JdbcTemplate               : Executing prepared SQL query
2026-06-04T09:58:51.234+05:30 DEBUG 94548 --- [CIVWBMS Backend] [nio-8080-exec-3] o.s.jdbc.core.JdbcTemplate               : Executing prepared SQL statement [SELECT COUNT(*) FROM scholarships WHERE employee_id=?]
2026-06-04T09:58:51.235+05:30 DEBUG 94548 --- [CIVWBMS Backend] [nio-8080-exec-3] o.s.jdbc.core.JdbcTemplate               : Executing prepared SQL query
2026-06-04T09:58:51.237+05:30 DEBUG 94548 --- [CIVWBMS Backend] [nio-8080-exec-3] o.s.jdbc.core.JdbcTemplate               : Executing prepared SQL statement [SELECT COUNT(*) FROM notifications WHERE recipient_role='EMPLOYEE' AND recipient_id=? AND is_read=0]
2026-06-04T09:58:51.241+05:30 DEBUG 94548 --- [CIVWBMS Backend] [nio-8080-exec-3] o.s.jdbc.core.JdbcTemplate               : Executing prepared SQL query
2026-06-04T09:58:51.242+05:30 DEBUG 94548 --- [CIVWBMS Backend] [nio-8080-exec-3] o.s.jdbc.core.JdbcTemplate               : Executing prepared SQL statement [SELECT coal_quality label, SUM(available_quantity) value FROM coal_inventory WHERE subsidiary_id=? GROUP BY coal_quality]
2026-06-04T09:58:51.244+05:30 DEBUG 94548 --- [CIVWBMS Backend] [nio-8080-exec-3] o.s.jdbc.core.JdbcTemplate               : Executing prepared SQL query
2026-06-04T09:58:51.245+05:30 DEBUG 94548 --- [CIVWBMS Backend] [nio-8080-exec-3] o.s.jdbc.core.JdbcTemplate               : Executing prepared SQL statement [SELECT status label, COUNT(*) value FROM coal_orders WHERE subsidiary_id=? GROUP BY status]
2026-06-04T09:58:51.246+05:30 DEBUG 94548 --- [CIVWBMS Backend] [nio-8080-exec-3] o.s.jdbc.core.JdbcTemplate               : Executing prepared SQL query
2026-06-04T09:58:51.247+05:30 DEBUG 94548 --- [CIVWBMS Backend] [nio-8080-exec-3] o.s.jdbc.core.JdbcTemplate               : Executing prepared SQL statement [SELECT DATE_FORMAT(created_at,'%Y-%m') label, COUNT(*) value FROM coal_orders WHERE subsidiary_id=? GROUP BY DATE_FORMAT(created_at,'%Y-%m') ORDER BY label]
2026-06-04T09:58:51.251+05:30 DEBUG 94548 --- [CIVWBMS Backend] [nio-8080-exec-3] m.m.a.RequestResponseBodyMethodProcessor : Using 'application/json', given [application/json, text/plain, */*] and supported [application/json, application/*+json]
2026-06-04T09:58:51.253+05:30 DEBUG 94548 --- [CIVWBMS Backend] [nio-8080-exec-3] m.m.a.RequestResponseBodyMethodProcessor : Writing [{attendance=1, leaves=1, scholarships=0, notifications=1, charts={quality=[{label=Premium, value=201 (truncated)...]
2026-06-04T09:58:51.256+05:30 DEBUG 94548 --- [CIVWBMS Backend] [nio-8080-exec-3] o.s.web.servlet.DispatcherServlet        : Completed 200 OK
2026-06-04T09:58:55.993+05:30 DEBUG 94548 --- [CIVWBMS Backend] [nio-8080-exec-6] o.s.web.servlet.DispatcherServlet        : GET "/api/dashboard", parameters={}
2026-06-04T09:58:55.995+05:30 DEBUG 94548 --- [CIVWBMS Backend] [nio-8080-exec-6] s.w.s.m.m.a.RequestMappingHandlerMapping : Mapped to com.civwbms.controller.ApiController#dashboard(Authentication)
2026-06-04T09:58:55.995+05:30 DEBUG 94548 --- [CIVWBMS Backend] [nio-8080-exec-4] o.s.web.servlet.DispatcherServlet        : GET "/api/subsidiaries", parameters={}
2026-06-04T09:58:55.995+05:30 DEBUG 94548 --- [CIVWBMS Backend] [nio-8080-exec-4] s.w.s.m.m.a.RequestMappingHandlerMapping : Mapped to com.civwbms.controller.ApiController#subsidiaries()
2026-06-04T09:58:55.995+05:30 DEBUG 94548 --- [CIVWBMS Backend] [nio-8080-exec-6] o.s.jdbc.core.JdbcTemplate               : Executing prepared SQL query
2026-06-04T09:58:55.995+05:30 DEBUG 94548 --- [CIVWBMS Backend] [nio-8080-exec-4] o.s.jdbc.core.JdbcTemplate               : Executing SQL query [SELECT * FROM subsidiaries ORDER BY name]
2026-06-04T09:58:55.995+05:30 DEBUG 94548 --- [CIVWBMS Backend] [nio-8080-exec-6] o.s.jdbc.core.JdbcTemplate               : Executing prepared SQL statement [SELECT COUNT(*) FROM employees WHERE subsidiary_id=?]
2026-06-04T09:58:55.998+05:30 DEBUG 94548 --- [CIVWBMS Backend] [nio-8080-exec-5] o.s.web.servlet.DispatcherServlet        : GET "/api/attendance", parameters={}
2026-06-04T09:58:55.998+05:30 DEBUG 94548 --- [CIVWBMS Backend] [nio-8080-exec-5] s.w.s.m.m.a.RequestMappingHandlerMapping : Mapped to com.civwbms.controller.ApiController#list(String, Authentication)
2026-06-04T09:58:55.998+05:30 DEBUG 94548 --- [CIVWBMS Backend] [nio-8080-exec-5] o.s.jdbc.core.JdbcTemplate               : Executing prepared SQL query
2026-06-04T09:58:55.998+05:30 DEBUG 94548 --- [CIVWBMS Backend] [nio-8080-exec-6] o.s.jdbc.core.JdbcTemplate               : Executing prepared SQL query
2026-06-04T09:58:55.998+05:30 DEBUG 94548 --- [CIVWBMS Backend] [nio-8080-exec-4] m.m.a.RequestResponseBodyMethodProcessor : Using 'application/json', given [application/json, text/plain, */*] and supported [application/json, application/*+json]
2026-06-04T09:58:55.998+05:30 DEBUG 94548 --- [CIVWBMS Backend] [nio-8080-exec-5] o.s.jdbc.core.JdbcTemplate               : Executing prepared SQL statement [SELECT a.*, e.full_name, e.employee_code FROM attendance a JOIN employees e ON e.id=a.employee_id WHERE e.subsidiary_id=? ORDER BY a.created_at DESC]
2026-06-04T09:58:55.998+05:30 DEBUG 94548 --- [CIVWBMS Backend] [nio-8080-exec-6] o.s.jdbc.core.JdbcTemplate               : Executing prepared SQL statement [SELECT COUNT(*) FROM attendance a JOIN employees e ON e.id=a.employee_id WHERE e.subsidiary_id=?]
2026-06-04T09:58:55.998+05:30 DEBUG 94548 --- [CIVWBMS Backend] [nio-8080-exec-4] m.m.a.RequestResponseBodyMethodProcessor : Writing [[{id=2, code=BCCL, name=Bharat Coking Coal Limited}, {id=3, code=CCL, name=Central Coalfields Limite (truncated)...]
2026-06-04T09:58:55.998+05:30 DEBUG 94548 --- [CIVWBMS Backend] [nio-8080-exec-4] o.s.web.servlet.DispatcherServlet        : Completed 200 OK
2026-06-04T09:58:56.004+05:30 DEBUG 94548 --- [CIVWBMS Backend] [nio-8080-exec-6] o.s.jdbc.core.JdbcTemplate               : Executing prepared SQL query
2026-06-04T09:58:56.004+05:30 DEBUG 94548 --- [CIVWBMS Backend] [nio-8080-exec-6] o.s.jdbc.core.JdbcTemplate               : Executing prepared SQL statement [SELECT COUNT(*) FROM leave_applications l JOIN employees e ON e.id=l.employee_id WHERE e.subsidiary_id=?]
2026-06-04T09:58:56.004+05:30 DEBUG 94548 --- [CIVWBMS Backend] [nio-8080-exec-6] o.s.jdbc.core.JdbcTemplate               : Executing prepared SQL query
2026-06-04T09:58:56.004+05:30 DEBUG 94548 --- [CIVWBMS Backend] [nio-8080-exec-6] o.s.jdbc.core.JdbcTemplate               : Executing prepared SQL statement [SELECT COALESCE(SUM(available_quantity),0) FROM coal_inventory WHERE subsidiary_id=?]
2026-06-04T09:58:56.004+05:30 DEBUG 94548 --- [CIVWBMS Backend] [nio-8080-exec-5] m.m.a.RequestResponseBodyMethodProcessor : Using 'application/json', given [application/json, text/plain, */*] and supported [application/json, application/*+json]
2026-06-04T09:58:56.004+05:30 DEBUG 94548 --- [CIVWBMS Backend] [nio-8080-exec-5] m.m.a.RequestResponseBodyMethodProcessor : Writing [[{id=1, employee_id=1, attendance_date=2026-06-03, in_time=09:00:00, out_time=17:30:00, status=Appro (truncated)...]
2026-06-04T09:58:56.004+05:30 DEBUG 94548 --- [CIVWBMS Backend] [nio-8080-exec-6] o.s.jdbc.core.JdbcTemplate               : Executing prepared SQL query
2026-06-04T09:58:56.004+05:30 DEBUG 94548 --- [CIVWBMS Backend] [nio-8080-exec-5] o.s.web.servlet.DispatcherServlet        : Completed 200 OK
2026-06-04T09:58:56.004+05:30 DEBUG 94548 --- [CIVWBMS Backend] [nio-8080-exec-6] o.s.jdbc.core.JdbcTemplate               : Executing prepared SQL statement [SELECT COUNT(*) FROM coal_orders o WHERE o.subsidiary_id=?]
2026-06-04T09:58:56.012+05:30 DEBUG 94548 --- [CIVWBMS Backend] [nio-8080-exec-6] o.s.jdbc.core.JdbcTemplate               : Executing prepared SQL query
2026-06-04T09:58:56.012+05:30 DEBUG 94548 --- [CIVWBMS Backend] [nio-8080-exec-6] o.s.jdbc.core.JdbcTemplate               : Executing prepared SQL statement [SELECT COALESCE(SUM(total_amount),0) FROM coal_orders WHERE subsidiary_id=? AND status IN ('Approved','Processing','Dispatched','Delivered')]
2026-06-04T09:58:56.015+05:30 DEBUG 94548 --- [CIVWBMS Backend] [nio-8080-exec-6] o.s.jdbc.core.JdbcTemplate               : Executing prepared SQL query
2026-06-04T09:58:56.015+05:30 DEBUG 94548 --- [CIVWBMS Backend] [nio-8080-exec-6] o.s.jdbc.core.JdbcTemplate               : Executing prepared SQL statement [SELECT coal_quality label, SUM(available_quantity) value FROM coal_inventory WHERE subsidiary_id=? GROUP BY coal_quality]
2026-06-04T09:58:56.016+05:30 DEBUG 94548 --- [CIVWBMS Backend] [nio-8080-exec-6] o.s.jdbc.core.JdbcTemplate               : Executing prepared SQL query
2026-06-04T09:58:56.016+05:30 DEBUG 94548 --- [CIVWBMS Backend] [nio-8080-exec-6] o.s.jdbc.core.JdbcTemplate               : Executing prepared SQL statement [SELECT status label, COUNT(*) value FROM coal_orders WHERE subsidiary_id=? GROUP BY status]
2026-06-04T09:58:56.018+05:30 DEBUG 94548 --- [CIVWBMS Backend] [nio-8080-exec-6] o.s.jdbc.core.JdbcTemplate               : Executing prepared SQL query
2026-06-04T09:58:56.018+05:30 DEBUG 94548 --- [CIVWBMS Backend] [nio-8080-exec-6] o.s.jdbc.core.JdbcTemplate               : Executing prepared SQL statement [SELECT DATE_FORMAT(created_at,'%Y-%m') label, COUNT(*) value FROM coal_orders WHERE subsidiary_id=? GROUP BY DATE_FORMAT(created_at,'%Y-%m') ORDER BY label]
2026-06-04T09:58:56.020+05:30 DEBUG 94548 --- [CIVWBMS Backend] [nio-8080-exec-6] m.m.a.RequestResponseBodyMethodProcessor : Using 'application/json', given [application/json, text/plain, */*] and supported [application/json, application/*+json]
2026-06-04T09:58:56.020+05:30 DEBUG 94548 --- [CIVWBMS Backend] [nio-8080-exec-6] m.m.a.RequestResponseBodyMethodProcessor : Writing [{employees=13, attendance=8, leaves=5, inventoryTonnes=20125.00, orders=7, revenue=684870.00, charts (truncated)...]
2026-06-04T09:58:56.020+05:30 DEBUG 94548 --- [CIVWBMS Backend] [nio-8080-exec-6] o.s.web.servlet.DispatcherServlet        : Completed 200 OK
2026-06-04T09:59:00.217+05:30 DEBUG 94548 --- [CIVWBMS Backend] [nio-8080-exec-8] o.s.web.servlet.DispatcherServlet        : GET "/api/subsidiaries", parameters={}
2026-06-04T09:59:00.217+05:30 DEBUG 94548 --- [CIVWBMS Backend] [nio-8080-exec-8] s.w.s.m.m.a.RequestMappingHandlerMapping : Mapped to com.civwbms.controller.ApiController#subsidiaries()
2026-06-04T09:59:00.218+05:30 DEBUG 94548 --- [CIVWBMS Backend] [nio-8080-exec-8] o.s.jdbc.core.JdbcTemplate               : Executing SQL query [SELECT * FROM subsidiaries ORDER BY name]
2026-06-04T09:59:00.220+05:30 DEBUG 94548 --- [CIVWBMS Backend] [nio-8080-exec-8] m.m.a.RequestResponseBodyMethodProcessor : Using 'application/json', given [application/json, text/plain, */*] and supported [application/json, application/*+json]
2026-06-04T09:59:00.220+05:30 DEBUG 94548 --- [CIVWBMS Backend] [nio-8080-exec-8] m.m.a.RequestResponseBodyMethodProcessor : Writing [[{id=2, code=BCCL, name=Bharat Coking Coal Limited}, {id=3, code=CCL, name=Central Coalfields Limite (truncated)...]
2026-06-04T09:59:00.220+05:30 DEBUG 94548 --- [CIVWBMS Backend] [io-8080-exec-10] o.s.web.servlet.DispatcherServlet        : GET "/api/buscard", parameters={}
2026-06-04T09:59:00.220+05:30 DEBUG 94548 --- [CIVWBMS Backend] [nio-8080-exec-3] o.s.web.servlet.DispatcherServlet        : GET "/api/dashboard", parameters={}
2026-06-04T09:59:00.220+05:30 DEBUG 94548 --- [CIVWBMS Backend] [io-8080-exec-10] s.w.s.m.m.a.RequestMappingHandlerMapping : Mapped to com.civwbms.controller.ApiController#list(String, Authentication)
2026-06-04T09:59:00.220+05:30 DEBUG 94548 --- [CIVWBMS Backend] [nio-8080-exec-8] o.s.web.servlet.DispatcherServlet        : Completed 200 OK
2026-06-04T09:59:00.220+05:30 DEBUG 94548 --- [CIVWBMS Backend] [nio-8080-exec-3] s.w.s.m.m.a.RequestMappingHandlerMapping : Mapped to com.civwbms.controller.ApiController#dashboard(Authentication)
2026-06-04T09:59:00.220+05:30 DEBUG 94548 --- [CIVWBMS Backend] [nio-8080-exec-3] o.s.jdbc.core.JdbcTemplate               : Executing prepared SQL query
2026-06-04T09:59:00.220+05:30 DEBUG 94548 --- [CIVWBMS Backend] [nio-8080-exec-3] o.s.jdbc.core.JdbcTemplate               : Executing prepared SQL statement [SELECT COUNT(*) FROM employees WHERE subsidiary_id=?]
2026-06-04T09:59:00.225+05:30 DEBUG 94548 --- [CIVWBMS Backend] [nio-8080-exec-3] o.s.jdbc.core.JdbcTemplate               : Executing prepared SQL query
2026-06-04T09:59:00.225+05:30 DEBUG 94548 --- [CIVWBMS Backend] [nio-8080-exec-3] o.s.jdbc.core.JdbcTemplate               : Executing prepared SQL statement [SELECT COUNT(*) FROM attendance a JOIN employees e ON e.id=a.employee_id WHERE e.subsidiary_id=?]
2026-06-04T09:59:00.226+05:30 DEBUG 94548 --- [CIVWBMS Backend] [nio-8080-exec-3] o.s.jdbc.core.JdbcTemplate               : Executing prepared SQL query
2026-06-04T09:59:00.226+05:30 DEBUG 94548 --- [CIVWBMS Backend] [nio-8080-exec-3] o.s.jdbc.core.JdbcTemplate               : Executing prepared SQL statement [SELECT COUNT(*) FROM leave_applications l JOIN employees e ON e.id=l.employee_id WHERE e.subsidiary_id=?]
2026-06-04T09:59:00.226+05:30 DEBUG 94548 --- [CIVWBMS Backend] [io-8080-exec-10] o.s.jdbc.core.JdbcTemplate               : Executing prepared SQL query
2026-06-04T09:59:00.226+05:30 DEBUG 94548 --- [CIVWBMS Backend] [io-8080-exec-10] o.s.jdbc.core.JdbcTemplate               : Executing prepared SQL statement [SELECT b.*, e.full_name, e.employee_code FROM bus_cards b JOIN employees e ON e.id=b.employee_id WHERE e.subsidiary_id=? ORDER BY b.created_at DESC]
2026-06-04T09:59:00.226+05:30 DEBUG 94548 --- [CIVWBMS Backend] [nio-8080-exec-3] o.s.jdbc.core.JdbcTemplate               : Executing prepared SQL query
2026-06-04T09:59:00.226+05:30 DEBUG 94548 --- [CIVWBMS Backend] [nio-8080-exec-3] o.s.jdbc.core.JdbcTemplate               : Executing prepared SQL statement [SELECT COALESCE(SUM(available_quantity),0) FROM coal_inventory WHERE subsidiary_id=?]
2026-06-04T09:59:00.226+05:30 DEBUG 94548 --- [CIVWBMS Backend] [nio-8080-exec-3] o.s.jdbc.core.JdbcTemplate               : Executing prepared SQL query
2026-06-04T09:59:00.226+05:30 DEBUG 94548 --- [CIVWBMS Backend] [io-8080-exec-10] m.m.a.RequestResponseBodyMethodProcessor : Using 'application/json', given [application/json, text/plain, */*] and supported [application/json, application/*+json]
2026-06-04T09:59:00.226+05:30 DEBUG 94548 --- [CIVWBMS Backend] [nio-8080-exec-3] o.s.jdbc.core.JdbcTemplate               : Executing prepared SQL statement [SELECT COUNT(*) FROM coal_orders o WHERE o.subsidiary_id=?]
2026-06-04T09:59:00.226+05:30 DEBUG 94548 --- [CIVWBMS Backend] [io-8080-exec-10] m.m.a.RequestResponseBodyMethodProcessor : Writing [[]]
2026-06-04T09:59:00.226+05:30 DEBUG 94548 --- [CIVWBMS Backend] [nio-8080-exec-3] o.s.jdbc.core.JdbcTemplate               : Executing prepared SQL query
2026-06-04T09:59:00.226+05:30 DEBUG 94548 --- [CIVWBMS Backend] [io-8080-exec-10] o.s.web.servlet.DispatcherServlet        : Completed 200 OK
2026-06-04T09:59:00.226+05:30 DEBUG 94548 --- [CIVWBMS Backend] [nio-8080-exec-3] o.s.jdbc.core.JdbcTemplate               : Executing prepared SQL statement [SELECT COALESCE(SUM(total_amount),0) FROM coal_orders WHERE subsidiary_id=? AND status IN ('Approved','Processing','Dispatched','Delivered')]
2026-06-04T09:59:00.233+05:30 DEBUG 94548 --- [CIVWBMS Backend] [nio-8080-exec-3] o.s.jdbc.core.JdbcTemplate               : Executing prepared SQL query
2026-06-04T09:59:00.233+05:30 DEBUG 94548 --- [CIVWBMS Backend] [nio-8080-exec-3] o.s.jdbc.core.JdbcTemplate               : Executing prepared SQL statement [SELECT coal_quality label, SUM(available_quantity) value FROM coal_inventory WHERE subsidiary_id=? GROUP BY coal_quality]
2026-06-04T09:59:00.234+05:30 DEBUG 94548 --- [CIVWBMS Backend] [nio-8080-exec-3] o.s.jdbc.core.JdbcTemplate               : Executing prepared SQL query
2026-06-04T09:59:00.234+05:30 DEBUG 94548 --- [CIVWBMS Backend] [nio-8080-exec-3] o.s.jdbc.core.JdbcTemplate               : Executing prepared SQL statement [SELECT status label, COUNT(*) value FROM coal_orders WHERE subsidiary_id=? GROUP BY status]
2026-06-04T09:59:00.237+05:30 DEBUG 94548 --- [CIVWBMS Backend] [nio-8080-exec-3] o.s.jdbc.core.JdbcTemplate               : Executing prepared SQL query
2026-06-04T09:59:00.237+05:30 DEBUG 94548 --- [CIVWBMS Backend] [nio-8080-exec-3] o.s.jdbc.core.JdbcTemplate               : Executing prepared SQL statement [SELECT DATE_FORMAT(created_at,'%Y-%m') label, COUNT(*) value FROM coal_orders WHERE subsidiary_id=? GROUP BY DATE_FORMAT(created_at,'%Y-%m') ORDER BY label]
2026-06-04T09:59:00.238+05:30 DEBUG 94548 --- [CIVWBMS Backend] [nio-8080-exec-3] m.m.a.RequestResponseBodyMethodProcessor : Using 'application/json', given [application/json, text/plain, */*] and supported [application/json, application/*+json]
2026-06-04T09:59:00.238+05:30 DEBUG 94548 --- [CIVWBMS Backend] [nio-8080-exec-3] m.m.a.RequestResponseBodyMethodProcessor : Writing [{employees=13, attendance=8, leaves=5, inventoryTonnes=20125.00, orders=7, revenue=684870.00, charts (truncated)...]
2026-06-04T09:59:00.238+05:30 DEBUG 94548 --- [CIVWBMS Backend] [nio-8080-exec-3] o.s.web.servlet.DispatcherServlet        : Completed 200 OK
2026-06-04T09:59:00.839+05:30 DEBUG 94548 --- [CIVWBMS Backend] [nio-8080-exec-4] o.s.web.servlet.DispatcherServlet        : GET "/api/dashboard", parameters={}
2026-06-04T09:59:00.854+05:30 DEBUG 94548 --- [CIVWBMS Backend] [nio-8080-exec-4] s.w.s.m.m.a.RequestMappingHandlerMapping : Mapped to com.civwbms.controller.ApiController#dashboard(Authentication)
2026-06-04T09:59:00.856+05:30 DEBUG 94548 --- [CIVWBMS Backend] [nio-8080-exec-4] o.s.jdbc.core.JdbcTemplate               : Executing prepared SQL query
2026-06-04T09:59:00.856+05:30 DEBUG 94548 --- [CIVWBMS Backend] [nio-8080-exec-4] o.s.jdbc.core.JdbcTemplate               : Executing prepared SQL statement [SELECT COUNT(*) FROM employees WHERE subsidiary_id=?]
2026-06-04T09:59:00.860+05:30 DEBUG 94548 --- [CIVWBMS Backend] [nio-8080-exec-4] o.s.jdbc.core.JdbcTemplate               : Executing prepared SQL query
2026-06-04T09:59:00.860+05:30 DEBUG 94548 --- [CIVWBMS Backend] [nio-8080-exec-4] o.s.jdbc.core.JdbcTemplate               : Executing prepared SQL statement [SELECT COUNT(*) FROM attendance a JOIN employees e ON e.id=a.employee_id WHERE e.subsidiary_id=?]
2026-06-04T09:59:00.862+05:30 DEBUG 94548 --- [CIVWBMS Backend] [nio-8080-exec-4] o.s.jdbc.core.JdbcTemplate               : Executing prepared SQL query
2026-06-04T09:59:00.862+05:30 DEBUG 94548 --- [CIVWBMS Backend] [nio-8080-exec-4] o.s.jdbc.core.JdbcTemplate               : Executing prepared SQL statement [SELECT COUNT(*) FROM leave_applications l JOIN employees e ON e.id=l.employee_id WHERE e.subsidiary_id=?]
2026-06-04T09:59:00.864+05:30 DEBUG 94548 --- [CIVWBMS Backend] [nio-8080-exec-4] o.s.jdbc.core.JdbcTemplate               : Executing prepared SQL query
2026-06-04T09:59:00.864+05:30 DEBUG 94548 --- [CIVWBMS Backend] [nio-8080-exec-4] o.s.jdbc.core.JdbcTemplate               : Executing prepared SQL statement [SELECT COALESCE(SUM(available_quantity),0) FROM coal_inventory WHERE subsidiary_id=?]
2026-06-04T09:59:00.866+05:30 DEBUG 94548 --- [CIVWBMS Backend] [nio-8080-exec-4] o.s.jdbc.core.JdbcTemplate               : Executing prepared SQL query
2026-06-04T09:59:00.866+05:30 DEBUG 94548 --- [CIVWBMS Backend] [nio-8080-exec-4] o.s.jdbc.core.JdbcTemplate               : Executing prepared SQL statement [SELECT COUNT(*) FROM coal_orders o WHERE o.subsidiary_id=?]
2026-06-04T09:59:00.868+05:30 DEBUG 94548 --- [CIVWBMS Backend] [nio-8080-exec-4] o.s.jdbc.core.JdbcTemplate               : Executing prepared SQL query
2026-06-04T09:59:00.868+05:30 DEBUG 94548 --- [CIVWBMS Backend] [nio-8080-exec-4] o.s.jdbc.core.JdbcTemplate               : Executing prepared SQL statement [SELECT COALESCE(SUM(total_amount),0) FROM coal_orders WHERE subsidiary_id=? AND status IN ('Approved','Processing','Dispatched','Delivered')]
2026-06-04T09:59:00.871+05:30 DEBUG 94548 --- [CIVWBMS Backend] [nio-8080-exec-4] o.s.jdbc.core.JdbcTemplate               : Executing prepared SQL query
2026-06-04T09:59:00.871+05:30 DEBUG 94548 --- [CIVWBMS Backend] [nio-8080-exec-4] o.s.jdbc.core.JdbcTemplate               : Executing prepared SQL statement [SELECT coal_quality label, SUM(available_quantity) value FROM coal_inventory WHERE subsidiary_id=? GROUP BY coal_quality]
2026-06-04T09:59:00.873+05:30 DEBUG 94548 --- [CIVWBMS Backend] [nio-8080-exec-4] o.s.jdbc.core.JdbcTemplate               : Executing prepared SQL query
2026-06-04T09:59:00.873+05:30 DEBUG 94548 --- [CIVWBMS Backend] [nio-8080-exec-4] o.s.jdbc.core.JdbcTemplate               : Executing prepared SQL statement [SELECT status label, COUNT(*) value FROM coal_orders WHERE subsidiary_id=? GROUP BY status]
2026-06-04T09:59:00.873+05:30 DEBUG 94548 --- [CIVWBMS Backend] [nio-8080-exec-4] o.s.jdbc.core.JdbcTemplate               : Executing prepared SQL query
2026-06-04T09:59:00.875+05:30 DEBUG 94548 --- [CIVWBMS Backend] [nio-8080-exec-4] o.s.jdbc.core.JdbcTemplate               : Executing prepared SQL statement [SELECT DATE_FORMAT(created_at,'%Y-%m') label, COUNT(*) value FROM coal_orders WHERE subsidiary_id=? GROUP BY DATE_FORMAT(created_at,'%Y-%m') ORDER BY label]
2026-06-04T09:59:00.876+05:30 DEBUG 94548 --- [CIVWBMS Backend] [nio-8080-exec-4] m.m.a.RequestResponseBodyMethodProcessor : Using 'application/json', given [application/json, text/plain, */*] and supported [application/json, application/*+json]
2026-06-04T09:59:00.876+05:30 DEBUG 94548 --- [CIVWBMS Backend] [nio-8080-exec-4] m.m.a.RequestResponseBodyMethodProcessor : Writing [{employees=13, attendance=8, leaves=5, inventoryTonnes=20125.00, orders=7, revenue=684870.00, charts (truncated)...]
2026-06-04T09:59:00.880+05:30 DEBUG 94548 --- [CIVWBMS Backend] [nio-8080-exec-4] o.s.web.servlet.DispatcherServlet        : Completed 200 OK
2026-06-04T09:59:00.892+05:30 DEBUG 94548 --- [CIVWBMS Backend] [nio-8080-exec-1] o.s.web.servlet.DispatcherServlet        : GET "/api/subsidiaries", parameters={}
2026-06-04T09:59:00.896+05:30 DEBUG 94548 --- [CIVWBMS Backend] [nio-8080-exec-5] o.s.web.servlet.DispatcherServlet        : GET "/api/pension", parameters={}
2026-06-04T09:59:00.898+05:30 DEBUG 94548 --- [CIVWBMS Backend] [nio-8080-exec-1] s.w.s.m.m.a.RequestMappingHandlerMapping : Mapped to com.civwbms.controller.ApiController#subsidiaries()
2026-06-04T09:59:00.900+05:30 DEBUG 94548 --- [CIVWBMS Backend] [nio-8080-exec-1] o.s.jdbc.core.JdbcTemplate               : Executing SQL query [SELECT * FROM subsidiaries ORDER BY name]
2026-06-04T09:59:00.900+05:30 DEBUG 94548 --- [CIVWBMS Backend] [nio-8080-exec-5] s.w.s.m.m.a.RequestMappingHandlerMapping : Mapped to com.civwbms.controller.ApiController#list(String, Authentication)
2026-06-04T09:59:00.902+05:30 DEBUG 94548 --- [CIVWBMS Backend] [nio-8080-exec-5] o.s.jdbc.core.JdbcTemplate               : Executing prepared SQL query
2026-06-04T09:59:00.904+05:30 DEBUG 94548 --- [CIVWBMS Backend] [nio-8080-exec-5] o.s.jdbc.core.JdbcTemplate               : Executing prepared SQL statement [SELECT p.*, e.full_name, e.employee_code FROM pensions p JOIN employees e ON e.id=p.employee_id WHERE e.subsidiary_id=? ORDER BY p.created_at DESC]
2026-06-04T09:59:00.904+05:30 DEBUG 94548 --- [CIVWBMS Backend] [nio-8080-exec-1] m.m.a.RequestResponseBodyMethodProcessor : Using 'application/json', given [application/json, text/plain, */*] and supported [application/json, application/*+json]
2026-06-04T09:59:00.904+05:30 DEBUG 94548 --- [CIVWBMS Backend] [nio-8080-exec-1] m.m.a.RequestResponseBodyMethodProcessor : Writing [[{id=2, code=BCCL, name=Bharat Coking Coal Limited}, {id=3, code=CCL, name=Central Coalfields Limite (truncated)...]
2026-06-04T09:59:00.906+05:30 DEBUG 94548 --- [CIVWBMS Backend] [nio-8080-exec-5] m.m.a.RequestResponseBodyMethodProcessor : Using 'application/json', given [application/json, text/plain, */*] and supported [application/json, application/*+json]
2026-06-04T09:59:00.906+05:30 DEBUG 94548 --- [CIVWBMS Backend] [nio-8080-exec-1] o.s.web.servlet.DispatcherServlet        : Completed 200 OK
2026-06-04T09:59:00.906+05:30 DEBUG 94548 --- [CIVWBMS Backend] [nio-8080-exec-5] m.m.a.RequestResponseBodyMethodProcessor : Writing [[]]
2026-06-04T09:59:00.908+05:30 DEBUG 94548 --- [CIVWBMS Backend] [nio-8080-exec-5] o.s.web.servlet.DispatcherServlet        : Completed 200 OK
2026-06-04T09:59:01.240+05:30 DEBUG 94548 --- [CIVWBMS Backend] [nio-8080-exec-9] o.s.web.servlet.DispatcherServlet        : GET "/api/dashboard", parameters={}
2026-06-04T09:59:01.240+05:30 DEBUG 94548 --- [CIVWBMS Backend] [nio-8080-exec-9] s.w.s.m.m.a.RequestMappingHandlerMapping : Mapped to com.civwbms.controller.ApiController#dashboard(Authentication)
2026-06-04T09:59:01.242+05:30 DEBUG 94548 --- [CIVWBMS Backend] [nio-8080-exec-9] o.s.jdbc.core.JdbcTemplate               : Executing prepared SQL query
2026-06-04T09:59:01.242+05:30 DEBUG 94548 --- [CIVWBMS Backend] [nio-8080-exec-9] o.s.jdbc.core.JdbcTemplate               : Executing prepared SQL statement [SELECT COUNT(*) FROM employees WHERE subsidiary_id=?]
2026-06-04T09:59:01.245+05:30 DEBUG 94548 --- [CIVWBMS Backend] [nio-8080-exec-9] o.s.jdbc.core.JdbcTemplate               : Executing prepared SQL query
2026-06-04T09:59:01.245+05:30 DEBUG 94548 --- [CIVWBMS Backend] [nio-8080-exec-9] o.s.jdbc.core.JdbcTemplate               : Executing prepared SQL statement [SELECT COUNT(*) FROM attendance a JOIN employees e ON e.id=a.employee_id WHERE e.subsidiary_id=?]
2026-06-04T09:59:01.247+05:30 DEBUG 94548 --- [CIVWBMS Backend] [nio-8080-exec-8] o.s.web.servlet.DispatcherServlet        : GET "/api/subsidiaries", parameters={}
2026-06-04T09:59:01.247+05:30 DEBUG 94548 --- [CIVWBMS Backend] [io-8080-exec-10] o.s.web.servlet.DispatcherServlet        : GET "/api/inventory", parameters={}
2026-06-04T09:59:01.247+05:30 DEBUG 94548 --- [CIVWBMS Backend] [nio-8080-exec-9] o.s.jdbc.core.JdbcTemplate               : Executing prepared SQL query
2026-06-04T09:59:01.247+05:30 DEBUG 94548 --- [CIVWBMS Backend] [nio-8080-exec-8] s.w.s.m.m.a.RequestMappingHandlerMapping : Mapped to com.civwbms.controller.ApiController#subsidiaries()
2026-06-04T09:59:01.247+05:30 DEBUG 94548 --- [CIVWBMS Backend] [nio-8080-exec-9] o.s.jdbc.core.JdbcTemplate               : Executing prepared SQL statement [SELECT COUNT(*) FROM leave_applications l JOIN employees e ON e.id=l.employee_id WHERE e.subsidiary_id=?]
2026-06-04T09:59:01.247+05:30 DEBUG 94548 --- [CIVWBMS Backend] [io-8080-exec-10] s.w.s.m.m.a.RequestMappingHandlerMapping : Mapped to com.civwbms.controller.ApiController#list(String, Authentication)
2026-06-04T09:59:01.247+05:30 DEBUG 94548 --- [CIVWBMS Backend] [nio-8080-exec-8] o.s.jdbc.core.JdbcTemplate               : Executing SQL query [SELECT * FROM subsidiaries ORDER BY name]
2026-06-04T09:59:01.251+05:30 DEBUG 94548 --- [CIVWBMS Backend] [io-8080-exec-10] o.s.jdbc.core.JdbcTemplate               : Executing SQL query [SELECT c.*, s.code subsidiary_code, s.name subsidiary_name FROM coal_inventory c JOIN subsidiaries s ON s.id=c.subsidiary_id ORDER BY c.updated_at DESC]
2026-06-04T09:59:01.251+05:30 DEBUG 94548 --- [CIVWBMS Backend] [nio-8080-exec-9] o.s.jdbc.core.JdbcTemplate               : Executing prepared SQL query
2026-06-04T09:59:01.251+05:30 DEBUG 94548 --- [CIVWBMS Backend] [nio-8080-exec-9] o.s.jdbc.core.JdbcTemplate               : Executing prepared SQL statement [SELECT COALESCE(SUM(available_quantity),0) FROM coal_inventory WHERE subsidiary_id=?]
2026-06-04T09:59:01.253+05:30 DEBUG 94548 --- [CIVWBMS Backend] [nio-8080-exec-8] m.m.a.RequestResponseBodyMethodProcessor : Using 'application/json', given [application/json, text/plain, */*] and supported [application/json, application/*+json]
2026-06-04T09:59:01.253+05:30 DEBUG 94548 --- [CIVWBMS Backend] [nio-8080-exec-9] o.s.jdbc.core.JdbcTemplate               : Executing prepared SQL query
2026-06-04T09:59:01.253+05:30 DEBUG 94548 --- [CIVWBMS Backend] [nio-8080-exec-8] m.m.a.RequestResponseBodyMethodProcessor : Writing [[{id=2, code=BCCL, name=Bharat Coking Coal Limited}, {id=3, code=CCL, name=Central Coalfields Limite (truncated)...]
2026-06-04T09:59:01.253+05:30 DEBUG 94548 --- [CIVWBMS Backend] [nio-8080-exec-9] o.s.jdbc.core.JdbcTemplate               : Executing prepared SQL statement [SELECT COUNT(*) FROM coal_orders o WHERE o.subsidiary_id=?]
2026-06-04T09:59:01.256+05:30 DEBUG 94548 --- [CIVWBMS Backend] [nio-8080-exec-8] o.s.web.servlet.DispatcherServlet        : Completed 200 OK
2026-06-04T09:59:01.256+05:30 DEBUG 94548 --- [CIVWBMS Backend] [nio-8080-exec-9] o.s.jdbc.core.JdbcTemplate               : Executing prepared SQL query
2026-06-04T09:59:01.256+05:30 DEBUG 94548 --- [CIVWBMS Backend] [nio-8080-exec-9] o.s.jdbc.core.JdbcTemplate               : Executing prepared SQL statement [SELECT COALESCE(SUM(total_amount),0) FROM coal_orders WHERE subsidiary_id=? AND status IN ('Approved','Processing','Dispatched','Delivered')]
2026-06-04T09:59:01.256+05:30 DEBUG 94548 --- [CIVWBMS Backend] [nio-8080-exec-9] o.s.jdbc.core.JdbcTemplate               : Executing prepared SQL query
2026-06-04T09:59:01.256+05:30 DEBUG 94548 --- [CIVWBMS Backend] [nio-8080-exec-9] o.s.jdbc.core.JdbcTemplate               : Executing prepared SQL statement [SELECT coal_quality label, SUM(available_quantity) value FROM coal_inventory WHERE subsidiary_id=? GROUP BY coal_quality]
2026-06-04T09:59:01.256+05:30 DEBUG 94548 --- [CIVWBMS Backend] [io-8080-exec-10] m.m.a.RequestResponseBodyMethodProcessor : Using 'application/json', given [application/json, text/plain, */*] and supported [application/json, application/*+json]
2026-06-04T09:59:01.256+05:30 DEBUG 94548 --- [CIVWBMS Backend] [nio-8080-exec-9] o.s.jdbc.core.JdbcTemplate               : Executing prepared SQL query
2026-06-04T09:59:01.256+05:30 DEBUG 94548 --- [CIVWBMS Backend] [nio-8080-exec-9] o.s.jdbc.core.JdbcTemplate               : Executing prepared SQL statement [SELECT status label, COUNT(*) value FROM coal_orders WHERE subsidiary_id=? GROUP BY status]
2026-06-04T09:59:01.261+05:30 DEBUG 94548 --- [CIVWBMS Backend] [nio-8080-exec-9] o.s.jdbc.core.JdbcTemplate               : Executing prepared SQL query
2026-06-04T09:59:01.261+05:30 DEBUG 94548 --- [CIVWBMS Backend] [nio-8080-exec-9] o.s.jdbc.core.JdbcTemplate               : Executing prepared SQL statement [SELECT DATE_FORMAT(created_at,'%Y-%m') label, COUNT(*) value FROM coal_orders WHERE subsidiary_id=? GROUP BY DATE_FORMAT(created_at,'%Y-%m') ORDER BY label]
2026-06-04T09:59:01.261+05:30 DEBUG 94548 --- [CIVWBMS Backend] [io-8080-exec-10] m.m.a.RequestResponseBodyMethodProcessor : Writing [[{id=1, subsidiary_id=1, area=Area 1, colliery=Colliery 1, coal_grade=G1, coal_quality=Premium, avai (truncated)...]
2026-06-04T09:59:01.264+05:30 DEBUG 94548 --- [CIVWBMS Backend] [nio-8080-exec-9] m.m.a.RequestResponseBodyMethodProcessor : Using 'application/json', given [application/json, text/plain, */*] and supported [application/json, application/*+json]
2026-06-04T09:59:01.264+05:30 DEBUG 94548 --- [CIVWBMS Backend] [nio-8080-exec-9] m.m.a.RequestResponseBodyMethodProcessor : Writing [{employees=13, attendance=8, leaves=5, inventoryTonnes=20125.00, orders=7, revenue=684870.00, charts (truncated)...]
2026-06-04T09:59:01.266+05:30 DEBUG 94548 --- [CIVWBMS Backend] [io-8080-exec-10] o.s.web.servlet.DispatcherServlet        : Completed 200 OK
2026-06-04T09:59:01.266+05:30 DEBUG 94548 --- [CIVWBMS Backend] [nio-8080-exec-9] o.s.web.servlet.DispatcherServlet        : Completed 200 OK
2026-06-04T09:59:09.448+05:30 DEBUG 94548 --- [CIVWBMS Backend] [nio-8080-exec-5] o.s.web.servlet.DispatcherServlet        : GET "/api/orders", parameters={}
2026-06-04T09:59:09.448+05:30 DEBUG 94548 --- [CIVWBMS Backend] [nio-8080-exec-6] o.s.web.servlet.DispatcherServlet        : GET "/api/dashboard", parameters={}
2026-06-04T09:59:09.448+05:30 DEBUG 94548 --- [CIVWBMS Backend] [nio-8080-exec-8] o.s.web.servlet.DispatcherServlet        : GET "/api/inventory", parameters={}
2026-06-04T09:59:09.449+05:30 DEBUG 94548 --- [CIVWBMS Backend] [nio-8080-exec-7] o.s.web.servlet.DispatcherServlet        : GET "/api/subsidiaries", parameters={}
2026-06-04T09:59:09.449+05:30 DEBUG 94548 --- [CIVWBMS Backend] [nio-8080-exec-5] s.w.s.m.m.a.RequestMappingHandlerMapping : Mapped to com.civwbms.controller.ApiController#list(String, Authentication)
2026-06-04T09:59:09.449+05:30 DEBUG 94548 --- [CIVWBMS Backend] [nio-8080-exec-6] s.w.s.m.m.a.RequestMappingHandlerMapping : Mapped to com.civwbms.controller.ApiController#dashboard(Authentication)
2026-06-04T09:59:09.449+05:30 DEBUG 94548 --- [CIVWBMS Backend] [nio-8080-exec-8] s.w.s.m.m.a.RequestMappingHandlerMapping : Mapped to com.civwbms.controller.ApiController#list(String, Authentication)
2026-06-04T09:59:09.449+05:30 DEBUG 94548 --- [CIVWBMS Backend] [nio-8080-exec-7] s.w.s.m.m.a.RequestMappingHandlerMapping : Mapped to com.civwbms.controller.ApiController#subsidiaries()
2026-06-04T09:59:09.450+05:30 DEBUG 94548 --- [CIVWBMS Backend] [nio-8080-exec-6] o.s.jdbc.core.JdbcTemplate               : Executing prepared SQL query
2026-06-04T09:59:09.450+05:30 DEBUG 94548 --- [CIVWBMS Backend] [nio-8080-exec-5] o.s.jdbc.core.JdbcTemplate               : Executing prepared SQL query
2026-06-04T09:59:09.450+05:30 DEBUG 94548 --- [CIVWBMS Backend] [nio-8080-exec-8] o.s.jdbc.core.JdbcTemplate               : Executing SQL query [SELECT c.*, s.code subsidiary_code, s.name subsidiary_name FROM coal_inventory c JOIN subsidiaries s ON s.id=c.subsidiary_id ORDER BY c.updated_at DESC]
2026-06-04T09:59:09.450+05:30 DEBUG 94548 --- [CIVWBMS Backend] [nio-8080-exec-7] o.s.jdbc.core.JdbcTemplate               : Executing SQL query [SELECT * FROM subsidiaries ORDER BY name]
2026-06-04T09:59:09.451+05:30 DEBUG 94548 --- [CIVWBMS Backend] [nio-8080-exec-6] o.s.jdbc.core.JdbcTemplate               : Executing prepared SQL statement [SELECT COUNT(*) FROM employees WHERE subsidiary_id=?]
2026-06-04T09:59:09.451+05:30 DEBUG 94548 --- [CIVWBMS Backend] [nio-8080-exec-5] o.s.jdbc.core.JdbcTemplate               : Executing prepared SQL statement [SELECT o.*, c.company_name, s.code subsidiary_code FROM coal_orders o JOIN clients c ON c.id=o.client_id JOIN subsidiaries s ON s.id=o.subsidiary_id WHERE o.subsidiary_id=? ORDER BY o.created_at DESC]
2026-06-04T09:59:09.454+05:30 DEBUG 94548 --- [CIVWBMS Backend] [nio-8080-exec-6] o.s.jdbc.core.JdbcTemplate               : Executing prepared SQL query
2026-06-04T09:59:09.454+05:30 DEBUG 94548 --- [CIVWBMS Backend] [nio-8080-exec-6] o.s.jdbc.core.JdbcTemplate               : Executing prepared SQL statement [SELECT COUNT(*) FROM attendance a JOIN employees e ON e.id=a.employee_id WHERE e.subsidiary_id=?]
2026-06-04T09:59:09.454+05:30 DEBUG 94548 --- [CIVWBMS Backend] [nio-8080-exec-7] m.m.a.RequestResponseBodyMethodProcessor : Using 'application/json', given [application/json, text/plain, */*] and supported [application/json, application/*+json]
2026-06-04T09:59:09.455+05:30 DEBUG 94548 --- [CIVWBMS Backend] [nio-8080-exec-7] m.m.a.RequestResponseBodyMethodProcessor : Writing [[{id=2, code=BCCL, name=Bharat Coking Coal Limited}, {id=3, code=CCL, name=Central Coalfields Limite (truncated)...]
2026-06-04T09:59:09.455+05:30 DEBUG 94548 --- [CIVWBMS Backend] [nio-8080-exec-6] o.s.jdbc.core.JdbcTemplate               : Executing prepared SQL query
2026-06-04T09:59:09.455+05:30 DEBUG 94548 --- [CIVWBMS Backend] [nio-8080-exec-6] o.s.jdbc.core.JdbcTemplate               : Executing prepared SQL statement [SELECT COUNT(*) FROM leave_applications l JOIN employees e ON e.id=l.employee_id WHERE e.subsidiary_id=?]
2026-06-04T09:59:09.456+05:30 DEBUG 94548 --- [CIVWBMS Backend] [nio-8080-exec-7] o.s.web.servlet.DispatcherServlet        : Completed 200 OK
2026-06-04T09:59:09.456+05:30 DEBUG 94548 --- [CIVWBMS Backend] [nio-8080-exec-6] o.s.jdbc.core.JdbcTemplate               : Executing prepared SQL query
2026-06-04T09:59:09.457+05:30 DEBUG 94548 --- [CIVWBMS Backend] [nio-8080-exec-6] o.s.jdbc.core.JdbcTemplate               : Executing prepared SQL statement [SELECT COALESCE(SUM(available_quantity),0) FROM coal_inventory WHERE subsidiary_id=?]
2026-06-04T09:59:09.458+05:30 DEBUG 94548 --- [CIVWBMS Backend] [nio-8080-exec-6] o.s.jdbc.core.JdbcTemplate               : Executing prepared SQL query
2026-06-04T09:59:09.458+05:30 DEBUG 94548 --- [CIVWBMS Backend] [nio-8080-exec-6] o.s.jdbc.core.JdbcTemplate               : Executing prepared SQL statement [SELECT COUNT(*) FROM coal_orders o WHERE o.subsidiary_id=?]
2026-06-04T09:59:09.459+05:30 DEBUG 94548 --- [CIVWBMS Backend] [nio-8080-exec-6] o.s.jdbc.core.JdbcTemplate               : Executing prepared SQL query
2026-06-04T09:59:09.459+05:30 DEBUG 94548 --- [CIVWBMS Backend] [nio-8080-exec-8] m.m.a.RequestResponseBodyMethodProcessor : Using 'application/json', given [application/json, text/plain, */*] and supported [application/json, application/*+json]
2026-06-04T09:59:09.459+05:30 DEBUG 94548 --- [CIVWBMS Backend] [nio-8080-exec-6] o.s.jdbc.core.JdbcTemplate               : Executing prepared SQL statement [SELECT COALESCE(SUM(total_amount),0) FROM coal_orders WHERE subsidiary_id=? AND status IN ('Approved','Processing','Dispatched','Delivered')]
2026-06-04T09:59:09.460+05:30 DEBUG 94548 --- [CIVWBMS Backend] [nio-8080-exec-6] o.s.jdbc.core.JdbcTemplate               : Executing prepared SQL query
2026-06-04T09:59:09.460+05:30 DEBUG 94548 --- [CIVWBMS Backend] [nio-8080-exec-8] m.m.a.RequestResponseBodyMethodProcessor : Writing [[{id=1, subsidiary_id=1, area=Area 1, colliery=Colliery 1, coal_grade=G1, coal_quality=Premium, avai (truncated)...]
2026-06-04T09:59:09.460+05:30 DEBUG 94548 --- [CIVWBMS Backend] [nio-8080-exec-6] o.s.jdbc.core.JdbcTemplate               : Executing prepared SQL statement [SELECT coal_quality label, SUM(available_quantity) value FROM coal_inventory WHERE subsidiary_id=? GROUP BY coal_quality]
2026-06-04T09:59:09.463+05:30 DEBUG 94548 --- [CIVWBMS Backend] [nio-8080-exec-6] o.s.jdbc.core.JdbcTemplate               : Executing prepared SQL query
2026-06-04T09:59:09.463+05:30 DEBUG 94548 --- [CIVWBMS Backend] [nio-8080-exec-6] o.s.jdbc.core.JdbcTemplate               : Executing prepared SQL statement [SELECT status label, COUNT(*) value FROM coal_orders WHERE subsidiary_id=? GROUP BY status]
2026-06-04T09:59:09.465+05:30 DEBUG 94548 --- [CIVWBMS Backend] [nio-8080-exec-6] o.s.jdbc.core.JdbcTemplate               : Executing prepared SQL query
2026-06-04T09:59:09.465+05:30 DEBUG 94548 --- [CIVWBMS Backend] [nio-8080-exec-8] o.s.web.servlet.DispatcherServlet        : Completed 200 OK
2026-06-04T09:59:09.465+05:30 DEBUG 94548 --- [CIVWBMS Backend] [nio-8080-exec-6] o.s.jdbc.core.JdbcTemplate               : Executing prepared SQL statement [SELECT DATE_FORMAT(created_at,'%Y-%m') label, COUNT(*) value FROM coal_orders WHERE subsidiary_id=? GROUP BY DATE_FORMAT(created_at,'%Y-%m') ORDER BY label]
2026-06-04T09:59:09.470+05:30 DEBUG 94548 --- [CIVWBMS Backend] [nio-8080-exec-6] m.m.a.RequestResponseBodyMethodProcessor : Using 'application/json', given [application/json, text/plain, */*] and supported [application/json, application/*+json]
2026-06-04T09:59:09.471+05:30 DEBUG 94548 --- [CIVWBMS Backend] [nio-8080-exec-6] m.m.a.RequestResponseBodyMethodProcessor : Writing [{employees=13, attendance=8, leaves=5, inventoryTonnes=20125.00, orders=7, revenue=684870.00, charts (truncated)...]
2026-06-04T09:59:09.471+05:30 DEBUG 94548 --- [CIVWBMS Backend] [nio-8080-exec-5] m.m.a.RequestResponseBodyMethodProcessor : Using 'application/json', given [application/json, text/plain, */*] and supported [application/json, application/*+json]
2026-06-04T09:59:09.472+05:30 DEBUG 94548 --- [CIVWBMS Backend] [nio-8080-exec-5] m.m.a.RequestResponseBodyMethodProcessor : Writing [[{id=1, client_id=1, inventory_id=1, subsidiary_id=1, area=Area 1, colliery=Colliery 1, coal_grade=G (truncated)...]
2026-06-04T09:59:09.473+05:30 DEBUG 94548 --- [CIVWBMS Backend] [nio-8080-exec-6] o.s.web.servlet.DispatcherServlet        : Completed 200 OK
2026-06-04T09:59:09.474+05:30 DEBUG 94548 --- [CIVWBMS Backend] [nio-8080-exec-5] o.s.web.servlet.DispatcherServlet        : Completed 200 OK
2026-06-04T09:59:11.185+05:30 DEBUG 94548 --- [CIVWBMS Backend] [nio-8080-exec-3] o.s.web.servlet.DispatcherServlet        : GET "/api/dashboard", parameters={}
2026-06-04T09:59:11.185+05:30 DEBUG 94548 --- [CIVWBMS Backend] [nio-8080-exec-9] o.s.web.servlet.DispatcherServlet        : GET "/api/subsidiaries", parameters={}
2026-06-04T09:59:11.186+05:30 DEBUG 94548 --- [CIVWBMS Backend] [nio-8080-exec-9] s.w.s.m.m.a.RequestMappingHandlerMapping : Mapped to com.civwbms.controller.ApiController#subsidiaries()
2026-06-04T09:59:11.188+05:30 DEBUG 94548 --- [CIVWBMS Backend] [nio-8080-exec-3] s.w.s.m.m.a.RequestMappingHandlerMapping : Mapped to com.civwbms.controller.ApiController#dashboard(Authentication)
2026-06-04T09:59:11.188+05:30 DEBUG 94548 --- [CIVWBMS Backend] [nio-8080-exec-9] o.s.jdbc.core.JdbcTemplate               : Executing SQL query [SELECT * FROM subsidiaries ORDER BY name]
2026-06-04T09:59:11.188+05:30 DEBUG 94548 --- [CIVWBMS Backend] [nio-8080-exec-3] o.s.jdbc.core.JdbcTemplate               : Executing prepared SQL query
2026-06-04T09:59:11.188+05:30 DEBUG 94548 --- [CIVWBMS Backend] [nio-8080-exec-3] o.s.jdbc.core.JdbcTemplate               : Executing prepared SQL statement [SELECT COUNT(*) FROM employees WHERE subsidiary_id=?]
2026-06-04T09:59:11.192+05:30 DEBUG 94548 --- [CIVWBMS Backend] [nio-8080-exec-9] m.m.a.RequestResponseBodyMethodProcessor : Using 'application/json', given [application/json, text/plain, */*] and supported [application/json, application/*+json]
2026-06-04T09:59:11.192+05:30 DEBUG 94548 --- [CIVWBMS Backend] [nio-8080-exec-3] o.s.jdbc.core.JdbcTemplate               : Executing prepared SQL query
2026-06-04T09:59:11.192+05:30 DEBUG 94548 --- [CIVWBMS Backend] [nio-8080-exec-9] m.m.a.RequestResponseBodyMethodProcessor : Writing [[{id=2, code=BCCL, name=Bharat Coking Coal Limited}, {id=3, code=CCL, name=Central Coalfields Limite (truncated)...]
2026-06-04T09:59:11.192+05:30 DEBUG 94548 --- [CIVWBMS Backend] [nio-8080-exec-3] o.s.jdbc.core.JdbcTemplate               : Executing prepared SQL statement [SELECT COUNT(*) FROM attendance a JOIN employees e ON e.id=a.employee_id WHERE e.subsidiary_id=?]
2026-06-04T09:59:11.194+05:30 DEBUG 94548 --- [CIVWBMS Backend] [nio-8080-exec-9] o.s.web.servlet.DispatcherServlet        : Completed 200 OK
2026-06-04T09:59:11.194+05:30 DEBUG 94548 --- [CIVWBMS Backend] [nio-8080-exec-3] o.s.jdbc.core.JdbcTemplate               : Executing prepared SQL query
2026-06-04T09:59:11.195+05:30 DEBUG 94548 --- [CIVWBMS Backend] [nio-8080-exec-3] o.s.jdbc.core.JdbcTemplate               : Executing prepared SQL statement [SELECT COUNT(*) FROM leave_applications l JOIN employees e ON e.id=l.employee_id WHERE e.subsidiary_id=?]
2026-06-04T09:59:11.197+05:30 DEBUG 94548 --- [CIVWBMS Backend] [nio-8080-exec-3] o.s.jdbc.core.JdbcTemplate               : Executing prepared SQL query
2026-06-04T09:59:11.197+05:30 DEBUG 94548 --- [CIVWBMS Backend] [nio-8080-exec-3] o.s.jdbc.core.JdbcTemplate               : Executing prepared SQL statement [SELECT COALESCE(SUM(available_quantity),0) FROM coal_inventory WHERE subsidiary_id=?]
2026-06-04T09:59:11.198+05:30 DEBUG 94548 --- [CIVWBMS Backend] [nio-8080-exec-1] o.s.web.servlet.DispatcherServlet        : GET "/api/leave", parameters={}
2026-06-04T09:59:11.199+05:30 DEBUG 94548 --- [CIVWBMS Backend] [nio-8080-exec-3] o.s.jdbc.core.JdbcTemplate               : Executing prepared SQL query
2026-06-04T09:59:11.200+05:30 DEBUG 94548 --- [CIVWBMS Backend] [nio-8080-exec-3] o.s.jdbc.core.JdbcTemplate               : Executing prepared SQL statement [SELECT COUNT(*) FROM coal_orders o WHERE o.subsidiary_id=?]
2026-06-04T09:59:11.200+05:30 DEBUG 94548 --- [CIVWBMS Backend] [nio-8080-exec-1] s.w.s.m.m.a.RequestMappingHandlerMapping : Mapped to com.civwbms.controller.ApiController#list(String, Authentication)
2026-06-04T09:59:11.201+05:30 DEBUG 94548 --- [CIVWBMS Backend] [nio-8080-exec-3] o.s.jdbc.core.JdbcTemplate               : Executing prepared SQL query
2026-06-04T09:59:11.201+05:30 DEBUG 94548 --- [CIVWBMS Backend] [nio-8080-exec-1] o.s.jdbc.core.JdbcTemplate               : Executing prepared SQL query
2026-06-04T09:59:11.201+05:30 DEBUG 94548 --- [CIVWBMS Backend] [nio-8080-exec-1] o.s.jdbc.core.JdbcTemplate               : Executing prepared SQL statement [SELECT l.*, e.full_name, e.employee_code FROM leave_applications l JOIN employees e ON e.id=l.employee_id WHERE e.subsidiary_id=? ORDER BY l.created_at DESC]
2026-06-04T09:59:11.201+05:30 DEBUG 94548 --- [CIVWBMS Backend] [nio-8080-exec-3] o.s.jdbc.core.JdbcTemplate               : Executing prepared SQL statement [SELECT COALESCE(SUM(total_amount),0) FROM coal_orders WHERE subsidiary_id=? AND status IN ('Approved','Processing','Dispatched','Delivered')]
2026-06-04T09:59:11.204+05:30 DEBUG 94548 --- [CIVWBMS Backend] [nio-8080-exec-3] o.s.jdbc.core.JdbcTemplate               : Executing prepared SQL query
2026-06-04T09:59:11.204+05:30 DEBUG 94548 --- [CIVWBMS Backend] [nio-8080-exec-3] o.s.jdbc.core.JdbcTemplate               : Executing prepared SQL statement [SELECT coal_quality label, SUM(available_quantity) value FROM coal_inventory WHERE subsidiary_id=? GROUP BY coal_quality]
2026-06-04T09:59:11.205+05:30 DEBUG 94548 --- [CIVWBMS Backend] [nio-8080-exec-3] o.s.jdbc.core.JdbcTemplate               : Executing prepared SQL query
2026-06-04T09:59:11.206+05:30 DEBUG 94548 --- [CIVWBMS Backend] [nio-8080-exec-1] m.m.a.RequestResponseBodyMethodProcessor : Using 'application/json', given [application/json, text/plain, */*] and supported [application/json, application/*+json]
2026-06-04T09:59:11.206+05:30 DEBUG 94548 --- [CIVWBMS Backend] [nio-8080-exec-3] o.s.jdbc.core.JdbcTemplate               : Executing prepared SQL statement [SELECT status label, COUNT(*) value FROM coal_orders WHERE subsidiary_id=? GROUP BY status]
2026-06-04T09:59:11.206+05:30 DEBUG 94548 --- [CIVWBMS Backend] [nio-8080-exec-1] m.m.a.RequestResponseBodyMethodProcessor : Writing [[{id=1, employee_id=1, leave_type=Casual Leave, from_date=2026-06-05, to_date=2026-06-06, reason=Fam (truncated)...]
2026-06-04T09:59:11.208+05:30 DEBUG 94548 --- [CIVWBMS Backend] [nio-8080-exec-3] o.s.jdbc.core.JdbcTemplate               : Executing prepared SQL query
2026-06-04T09:59:11.209+05:30 DEBUG 94548 --- [CIVWBMS Backend] [nio-8080-exec-3] o.s.jdbc.core.JdbcTemplate               : Executing prepared SQL statement [SELECT DATE_FORMAT(created_at,'%Y-%m') label, COUNT(*) value FROM coal_orders WHERE subsidiary_id=? GROUP BY DATE_FORMAT(created_at,'%Y-%m') ORDER BY label]
2026-06-04T09:59:11.210+05:30 DEBUG 94548 --- [CIVWBMS Backend] [nio-8080-exec-1] o.s.web.servlet.DispatcherServlet        : Completed 200 OK
2026-06-04T09:59:11.210+05:30 DEBUG 94548 --- [CIVWBMS Backend] [nio-8080-exec-3] m.m.a.RequestResponseBodyMethodProcessor : Using 'application/json', given [application/json, text/plain, */*] and supported [application/json, application/*+json]
2026-06-04T09:59:11.212+05:30 DEBUG 94548 --- [CIVWBMS Backend] [nio-8080-exec-3] m.m.a.RequestResponseBodyMethodProcessor : Writing [{employees=13, attendance=8, leaves=5, inventoryTonnes=20125.00, orders=7, revenue=684870.00, charts (truncated)...]
2026-06-04T09:59:11.213+05:30 DEBUG 94548 --- [CIVWBMS Backend] [nio-8080-exec-3] o.s.web.servlet.DispatcherServlet        : Completed 200 OK
2026-06-04T09:59:12.247+05:30 DEBUG 94548 --- [CIVWBMS Backend] [nio-8080-exec-7] o.s.web.servlet.DispatcherServlet        : GET "/api/dashboard", parameters={}
2026-06-04T09:59:12.247+05:30 DEBUG 94548 --- [CIVWBMS Backend] [nio-8080-exec-4] o.s.web.servlet.DispatcherServlet        : GET "/api/subsidiaries", parameters={}
2026-06-04T09:59:12.247+05:30 DEBUG 94548 --- [CIVWBMS Backend] [nio-8080-exec-7] s.w.s.m.m.a.RequestMappingHandlerMapping : Mapped to com.civwbms.controller.ApiController#dashboard(Authentication)
2026-06-04T09:59:12.249+05:30 DEBUG 94548 --- [CIVWBMS Backend] [nio-8080-exec-4] s.w.s.m.m.a.RequestMappingHandlerMapping : Mapped to com.civwbms.controller.ApiController#subsidiaries()
2026-06-04T09:59:12.249+05:30 DEBUG 94548 --- [CIVWBMS Backend] [nio-8080-exec-7] o.s.jdbc.core.JdbcTemplate               : Executing prepared SQL query
2026-06-04T09:59:12.249+05:30 DEBUG 94548 --- [CIVWBMS Backend] [nio-8080-exec-4] o.s.jdbc.core.JdbcTemplate               : Executing SQL query [SELECT * FROM subsidiaries ORDER BY name]
2026-06-04T09:59:12.249+05:30 DEBUG 94548 --- [CIVWBMS Backend] [nio-8080-exec-7] o.s.jdbc.core.JdbcTemplate               : Executing prepared SQL statement [SELECT COUNT(*) FROM employees WHERE subsidiary_id=?]
2026-06-04T09:59:12.251+05:30 DEBUG 94548 --- [CIVWBMS Backend] [nio-8080-exec-7] o.s.jdbc.core.JdbcTemplate               : Executing prepared SQL query
2026-06-04T09:59:12.251+05:30 DEBUG 94548 --- [CIVWBMS Backend] [nio-8080-exec-7] o.s.jdbc.core.JdbcTemplate               : Executing prepared SQL statement [SELECT COUNT(*) FROM attendance a JOIN employees e ON e.id=a.employee_id WHERE e.subsidiary_id=?]
2026-06-04T09:59:12.252+05:30 DEBUG 94548 --- [CIVWBMS Backend] [nio-8080-exec-4] m.m.a.RequestResponseBodyMethodProcessor : Using 'application/json', given [application/json, text/plain, */*] and supported [application/json, application/*+json]
2026-06-04T09:59:12.252+05:30 DEBUG 94548 --- [CIVWBMS Backend] [nio-8080-exec-4] m.m.a.RequestResponseBodyMethodProcessor : Writing [[{id=2, code=BCCL, name=Bharat Coking Coal Limited}, {id=3, code=CCL, name=Central Coalfields Limite (truncated)...]
2026-06-04T09:59:12.253+05:30 DEBUG 94548 --- [CIVWBMS Backend] [nio-8080-exec-4] o.s.web.servlet.DispatcherServlet        : Completed 200 OK
2026-06-04T09:59:12.253+05:30 DEBUG 94548 --- [CIVWBMS Backend] [nio-8080-exec-8] o.s.web.servlet.DispatcherServlet        : GET "/api/attendance", parameters={}
2026-06-04T09:59:12.254+05:30 DEBUG 94548 --- [CIVWBMS Backend] [nio-8080-exec-7] o.s.jdbc.core.JdbcTemplate               : Executing prepared SQL query
2026-06-04T09:59:12.255+05:30 DEBUG 94548 --- [CIVWBMS Backend] [nio-8080-exec-7] o.s.jdbc.core.JdbcTemplate               : Executing prepared SQL statement [SELECT COUNT(*) FROM leave_applications l JOIN employees e ON e.id=l.employee_id WHERE e.subsidiary_id=?]
2026-06-04T09:59:12.255+05:30 DEBUG 94548 --- [CIVWBMS Backend] [nio-8080-exec-8] s.w.s.m.m.a.RequestMappingHandlerMapping : Mapped to com.civwbms.controller.ApiController#list(String, Authentication)
2026-06-04T09:59:12.257+05:30 DEBUG 94548 --- [CIVWBMS Backend] [nio-8080-exec-8] o.s.jdbc.core.JdbcTemplate               : Executing prepared SQL query
2026-06-04T09:59:12.257+05:30 DEBUG 94548 --- [CIVWBMS Backend] [nio-8080-exec-7] o.s.jdbc.core.JdbcTemplate               : Executing prepared SQL query
2026-06-04T09:59:12.257+05:30 DEBUG 94548 --- [CIVWBMS Backend] [nio-8080-exec-8] o.s.jdbc.core.JdbcTemplate               : Executing prepared SQL statement [SELECT a.*, e.full_name, e.employee_code FROM attendance a JOIN employees e ON e.id=a.employee_id WHERE e.subsidiary_id=? ORDER BY a.created_at DESC]
2026-06-04T09:59:12.257+05:30 DEBUG 94548 --- [CIVWBMS Backend] [nio-8080-exec-7] o.s.jdbc.core.JdbcTemplate               : Executing prepared SQL statement [SELECT COALESCE(SUM(available_quantity),0) FROM coal_inventory WHERE subsidiary_id=?]
2026-06-04T09:59:12.259+05:30 DEBUG 94548 --- [CIVWBMS Backend] [nio-8080-exec-7] o.s.jdbc.core.JdbcTemplate               : Executing prepared SQL query
2026-06-04T09:59:12.259+05:30 DEBUG 94548 --- [CIVWBMS Backend] [nio-8080-exec-7] o.s.jdbc.core.JdbcTemplate               : Executing prepared SQL statement [SELECT COUNT(*) FROM coal_orders o WHERE o.subsidiary_id=?]
2026-06-04T09:59:12.259+05:30 DEBUG 94548 --- [CIVWBMS Backend] [nio-8080-exec-7] o.s.jdbc.core.JdbcTemplate               : Executing prepared SQL query
2026-06-04T09:59:12.261+05:30 DEBUG 94548 --- [CIVWBMS Backend] [nio-8080-exec-7] o.s.jdbc.core.JdbcTemplate               : Executing prepared SQL statement [SELECT COALESCE(SUM(total_amount),0) FROM coal_orders WHERE subsidiary_id=? AND status IN ('Approved','Processing','Dispatched','Delivered')]
2026-06-04T09:59:12.261+05:30 DEBUG 94548 --- [CIVWBMS Backend] [nio-8080-exec-8] m.m.a.RequestResponseBodyMethodProcessor : Using 'application/json', given [application/json, text/plain, */*] and supported [application/json, application/*+json]
2026-06-04T09:59:12.262+05:30 DEBUG 94548 --- [CIVWBMS Backend] [nio-8080-exec-7] o.s.jdbc.core.JdbcTemplate               : Executing prepared SQL query
2026-06-04T09:59:12.262+05:30 DEBUG 94548 --- [CIVWBMS Backend] [nio-8080-exec-8] m.m.a.RequestResponseBodyMethodProcessor : Writing [[{id=1, employee_id=1, attendance_date=2026-06-03, in_time=09:00:00, out_time=17:30:00, status=Appro (truncated)...]
2026-06-04T09:59:12.262+05:30 DEBUG 94548 --- [CIVWBMS Backend] [nio-8080-exec-7] o.s.jdbc.core.JdbcTemplate               : Executing prepared SQL statement [SELECT coal_quality label, SUM(available_quantity) value FROM coal_inventory WHERE subsidiary_id=? GROUP BY coal_quality]
2026-06-04T09:59:12.263+05:30 DEBUG 94548 --- [CIVWBMS Backend] [nio-8080-exec-7] o.s.jdbc.core.JdbcTemplate               : Executing prepared SQL query
2026-06-04T09:59:12.263+05:30 DEBUG 94548 --- [CIVWBMS Backend] [nio-8080-exec-8] o.s.web.servlet.DispatcherServlet        : Completed 200 OK
2026-06-04T09:59:12.263+05:30 DEBUG 94548 --- [CIVWBMS Backend] [nio-8080-exec-7] o.s.jdbc.core.JdbcTemplate               : Executing prepared SQL statement [SELECT status label, COUNT(*) value FROM coal_orders WHERE subsidiary_id=? GROUP BY status]
2026-06-04T09:59:12.265+05:30 DEBUG 94548 --- [CIVWBMS Backend] [nio-8080-exec-7] o.s.jdbc.core.JdbcTemplate               : Executing prepared SQL query
2026-06-04T09:59:12.266+05:30 DEBUG 94548 --- [CIVWBMS Backend] [nio-8080-exec-7] o.s.jdbc.core.JdbcTemplate               : Executing prepared SQL statement [SELECT DATE_FORMAT(created_at,'%Y-%m') label, COUNT(*) value FROM coal_orders WHERE subsidiary_id=? GROUP BY DATE_FORMAT(created_at,'%Y-%m') ORDER BY label]
2026-06-04T09:59:12.268+05:30 DEBUG 94548 --- [CIVWBMS Backend] [nio-8080-exec-7] m.m.a.RequestResponseBodyMethodProcessor : Using 'application/json', given [application/json, text/plain, */*] and supported [application/json, application/*+json]
2026-06-04T09:59:12.269+05:30 DEBUG 94548 --- [CIVWBMS Backend] [nio-8080-exec-7] m.m.a.RequestResponseBodyMethodProcessor : Writing [{employees=13, attendance=8, leaves=5, inventoryTonnes=20125.00, orders=7, revenue=684870.00, charts (truncated)...]
2026-06-04T09:59:12.271+05:30 DEBUG 94548 --- [CIVWBMS Backend] [nio-8080-exec-7] o.s.web.servlet.DispatcherServlet        : Completed 200 OK
2026-06-04T09:59:12.976+05:30 DEBUG 94548 --- [CIVWBMS Backend] [nio-8080-exec-6] o.s.web.servlet.DispatcherServlet        : GET "/api/dashboard", parameters={}
2026-06-04T09:59:12.981+05:30 DEBUG 94548 --- [CIVWBMS Backend] [nio-8080-exec-6] s.w.s.m.m.a.RequestMappingHandlerMapping : Mapped to com.civwbms.controller.ApiController#dashboard(Authentication)
2026-06-04T09:59:12.982+05:30 DEBUG 94548 --- [CIVWBMS Backend] [nio-8080-exec-6] o.s.jdbc.core.JdbcTemplate               : Executing prepared SQL query
2026-06-04T09:59:12.982+05:30 DEBUG 94548 --- [CIVWBMS Backend] [nio-8080-exec-6] o.s.jdbc.core.JdbcTemplate               : Executing prepared SQL statement [SELECT COUNT(*) FROM employees WHERE subsidiary_id=?]
2026-06-04T09:59:12.986+05:30 DEBUG 94548 --- [CIVWBMS Backend] [nio-8080-exec-6] o.s.jdbc.core.JdbcTemplate               : Executing prepared SQL query
2026-06-04T09:59:12.986+05:30 DEBUG 94548 --- [CIVWBMS Backend] [nio-8080-exec-6] o.s.jdbc.core.JdbcTemplate               : Executing prepared SQL statement [SELECT COUNT(*) FROM attendance a JOIN employees e ON e.id=a.employee_id WHERE e.subsidiary_id=?]
2026-06-04T09:59:12.989+05:30 DEBUG 94548 --- [CIVWBMS Backend] [nio-8080-exec-6] o.s.jdbc.core.JdbcTemplate               : Executing prepared SQL query
2026-06-04T09:59:12.990+05:30 DEBUG 94548 --- [CIVWBMS Backend] [nio-8080-exec-6] o.s.jdbc.core.JdbcTemplate               : Executing prepared SQL statement [SELECT COUNT(*) FROM leave_applications l JOIN employees e ON e.id=l.employee_id WHERE e.subsidiary_id=?]
2026-06-04T09:59:12.992+05:30 DEBUG 94548 --- [CIVWBMS Backend] [nio-8080-exec-6] o.s.jdbc.core.JdbcTemplate               : Executing prepared SQL query
2026-06-04T09:59:12.993+05:30 DEBUG 94548 --- [CIVWBMS Backend] [nio-8080-exec-6] o.s.jdbc.core.JdbcTemplate               : Executing prepared SQL statement [SELECT COALESCE(SUM(available_quantity),0) FROM coal_inventory WHERE subsidiary_id=?]
2026-06-04T09:59:12.995+05:30 DEBUG 94548 --- [CIVWBMS Backend] [nio-8080-exec-6] o.s.jdbc.core.JdbcTemplate               : Executing prepared SQL query
2026-06-04T09:59:12.996+05:30 DEBUG 94548 --- [CIVWBMS Backend] [nio-8080-exec-6] o.s.jdbc.core.JdbcTemplate               : Executing prepared SQL statement [SELECT COUNT(*) FROM coal_orders o WHERE o.subsidiary_id=?]
2026-06-04T09:59:12.997+05:30 DEBUG 94548 --- [CIVWBMS Backend] [nio-8080-exec-6] o.s.jdbc.core.JdbcTemplate               : Executing prepared SQL query
2026-06-04T09:59:12.997+05:30 DEBUG 94548 --- [CIVWBMS Backend] [nio-8080-exec-6] o.s.jdbc.core.JdbcTemplate               : Executing prepared SQL statement [SELECT COALESCE(SUM(total_amount),0) FROM coal_orders WHERE subsidiary_id=? AND status IN ('Approved','Processing','Dispatched','Delivered')]
2026-06-04T09:59:12.998+05:30 DEBUG 94548 --- [CIVWBMS Backend] [nio-8080-exec-6] o.s.jdbc.core.JdbcTemplate               : Executing prepared SQL query
2026-06-04T09:59:12.999+05:30 DEBUG 94548 --- [CIVWBMS Backend] [nio-8080-exec-6] o.s.jdbc.core.JdbcTemplate               : Executing prepared SQL statement [SELECT coal_quality label, SUM(available_quantity) value FROM coal_inventory WHERE subsidiary_id=? GROUP BY coal_quality]
2026-06-04T09:59:13.000+05:30 DEBUG 94548 --- [CIVWBMS Backend] [nio-8080-exec-6] o.s.jdbc.core.JdbcTemplate               : Executing prepared SQL query
2026-06-04T09:59:13.000+05:30 DEBUG 94548 --- [CIVWBMS Backend] [nio-8080-exec-6] o.s.jdbc.core.JdbcTemplate               : Executing prepared SQL statement [SELECT status label, COUNT(*) value FROM coal_orders WHERE subsidiary_id=? GROUP BY status]
2026-06-04T09:59:13.001+05:30 DEBUG 94548 --- [CIVWBMS Backend] [nio-8080-exec-6] o.s.jdbc.core.JdbcTemplate               : Executing prepared SQL query
2026-06-04T09:59:13.002+05:30 DEBUG 94548 --- [CIVWBMS Backend] [nio-8080-exec-6] o.s.jdbc.core.JdbcTemplate               : Executing prepared SQL statement [SELECT DATE_FORMAT(created_at,'%Y-%m') label, COUNT(*) value FROM coal_orders WHERE subsidiary_id=? GROUP BY DATE_FORMAT(created_at,'%Y-%m') ORDER BY label]
2026-06-04T09:59:13.003+05:30 DEBUG 94548 --- [CIVWBMS Backend] [nio-8080-exec-6] m.m.a.RequestResponseBodyMethodProcessor : Using 'application/json', given [application/json, text/plain, */*] and supported [application/json, application/*+json]
2026-06-04T09:59:13.004+05:30 DEBUG 94548 --- [CIVWBMS Backend] [nio-8080-exec-6] m.m.a.RequestResponseBodyMethodProcessor : Writing [{employees=13, attendance=8, leaves=5, inventoryTonnes=20125.00, orders=7, revenue=684870.00, charts (truncated)...]
2026-06-04T09:59:13.005+05:30 DEBUG 94548 --- [CIVWBMS Backend] [nio-8080-exec-6] o.s.web.servlet.DispatcherServlet        : Completed 200 OK
2026-06-04T09:59:26.599+05:30 DEBUG 94548 --- [CIVWBMS Backend] [nio-8080-exec-1] o.s.web.servlet.DispatcherServlet        : GET "/api/subsidiaries", parameters={}
2026-06-04T09:59:26.599+05:30 DEBUG 94548 --- [CIVWBMS Backend] [nio-8080-exec-2] o.s.web.servlet.DispatcherServlet        : GET "/api/dashboard", parameters={}
2026-06-04T09:59:26.599+05:30 DEBUG 94548 --- [CIVWBMS Backend] [nio-8080-exec-3] o.s.web.servlet.DispatcherServlet        : GET "/api/attendance", parameters={}
2026-06-04T09:59:26.599+05:30 DEBUG 94548 --- [CIVWBMS Backend] [nio-8080-exec-1] s.w.s.m.m.a.RequestMappingHandlerMapping : Mapped to com.civwbms.controller.ApiController#subsidiaries()
2026-06-04T09:59:26.600+05:30 DEBUG 94548 --- [CIVWBMS Backend] [nio-8080-exec-2] s.w.s.m.m.a.RequestMappingHandlerMapping : Mapped to com.civwbms.controller.ApiController#dashboard(Authentication)
2026-06-04T09:59:26.600+05:30 DEBUG 94548 --- [CIVWBMS Backend] [nio-8080-exec-3] s.w.s.m.m.a.RequestMappingHandlerMapping : Mapped to com.civwbms.controller.ApiController#list(String, Authentication)
2026-06-04T09:59:26.601+05:30 DEBUG 94548 --- [CIVWBMS Backend] [nio-8080-exec-2] o.s.jdbc.core.JdbcTemplate               : Executing prepared SQL query
2026-06-04T09:59:26.601+05:30 DEBUG 94548 --- [CIVWBMS Backend] [nio-8080-exec-1] o.s.jdbc.core.JdbcTemplate               : Executing SQL query [SELECT * FROM subsidiaries ORDER BY name]
2026-06-04T09:59:26.601+05:30 DEBUG 94548 --- [CIVWBMS Backend] [nio-8080-exec-2] o.s.jdbc.core.JdbcTemplate               : Executing prepared SQL statement [SELECT COUNT(*) FROM employees WHERE subsidiary_id=?]
2026-06-04T09:59:26.601+05:30 DEBUG 94548 --- [CIVWBMS Backend] [nio-8080-exec-3] o.s.jdbc.core.JdbcTemplate               : Executing prepared SQL query
2026-06-04T09:59:26.602+05:30 DEBUG 94548 --- [CIVWBMS Backend] [nio-8080-exec-3] o.s.jdbc.core.JdbcTemplate               : Executing prepared SQL statement [SELECT a.*, e.full_name, e.employee_code FROM attendance a JOIN employees e ON e.id=a.employee_id WHERE e.subsidiary_id=? ORDER BY a.created_at DESC]
2026-06-04T09:59:26.604+05:30 DEBUG 94548 --- [CIVWBMS Backend] [nio-8080-exec-2] o.s.jdbc.core.JdbcTemplate               : Executing prepared SQL query
2026-06-04T09:59:26.604+05:30 DEBUG 94548 --- [CIVWBMS Backend] [nio-8080-exec-2] o.s.jdbc.core.JdbcTemplate               : Executing prepared SQL statement [SELECT COUNT(*) FROM attendance a JOIN employees e ON e.id=a.employee_id WHERE e.subsidiary_id=?]
2026-06-04T09:59:26.604+05:30 DEBUG 94548 --- [CIVWBMS Backend] [nio-8080-exec-1] m.m.a.RequestResponseBodyMethodProcessor : Using 'application/json', given [application/json, text/plain, */*] and supported [application/json, application/*+json]
2026-06-04T09:59:26.605+05:30 DEBUG 94548 --- [CIVWBMS Backend] [nio-8080-exec-1] m.m.a.RequestResponseBodyMethodProcessor : Writing [[{id=2, code=BCCL, name=Bharat Coking Coal Limited}, {id=3, code=CCL, name=Central Coalfields Limite (truncated)...]
2026-06-04T09:59:26.606+05:30 DEBUG 94548 --- [CIVWBMS Backend] [nio-8080-exec-2] o.s.jdbc.core.JdbcTemplate               : Executing prepared SQL query
2026-06-04T09:59:26.606+05:30 DEBUG 94548 --- [CIVWBMS Backend] [nio-8080-exec-3] m.m.a.RequestResponseBodyMethodProcessor : Using 'application/json', given [application/json, text/plain, */*] and supported [application/json, application/*+json]
2026-06-04T09:59:26.606+05:30 DEBUG 94548 --- [CIVWBMS Backend] [nio-8080-exec-2] o.s.jdbc.core.JdbcTemplate               : Executing prepared SQL statement [SELECT COUNT(*) FROM leave_applications l JOIN employees e ON e.id=l.employee_id WHERE e.subsidiary_id=?]
2026-06-04T09:59:26.606+05:30 DEBUG 94548 --- [CIVWBMS Backend] [nio-8080-exec-1] o.s.web.servlet.DispatcherServlet        : Completed 200 OK
2026-06-04T09:59:26.607+05:30 DEBUG 94548 --- [CIVWBMS Backend] [nio-8080-exec-3] m.m.a.RequestResponseBodyMethodProcessor : Writing [[{id=1, employee_id=1, attendance_date=2026-06-03, in_time=09:00:00, out_time=17:30:00, status=Appro (truncated)...]
2026-06-04T09:59:26.608+05:30 DEBUG 94548 --- [CIVWBMS Backend] [nio-8080-exec-3] o.s.web.servlet.DispatcherServlet        : Completed 200 OK
2026-06-04T09:59:26.609+05:30 DEBUG 94548 --- [CIVWBMS Backend] [nio-8080-exec-2] o.s.jdbc.core.JdbcTemplate               : Executing prepared SQL query
2026-06-04T09:59:26.609+05:30 DEBUG 94548 --- [CIVWBMS Backend] [nio-8080-exec-2] o.s.jdbc.core.JdbcTemplate               : Executing prepared SQL statement [SELECT COALESCE(SUM(available_quantity),0) FROM coal_inventory WHERE subsidiary_id=?]
2026-06-04T09:59:26.611+05:30 DEBUG 94548 --- [CIVWBMS Backend] [nio-8080-exec-2] o.s.jdbc.core.JdbcTemplate               : Executing prepared SQL query
2026-06-04T09:59:26.611+05:30 DEBUG 94548 --- [CIVWBMS Backend] [nio-8080-exec-2] o.s.jdbc.core.JdbcTemplate               : Executing prepared SQL statement [SELECT COUNT(*) FROM coal_orders o WHERE o.subsidiary_id=?]
2026-06-04T09:59:26.613+05:30 DEBUG 94548 --- [CIVWBMS Backend] [nio-8080-exec-2] o.s.jdbc.core.JdbcTemplate               : Executing prepared SQL query
2026-06-04T09:59:26.613+05:30 DEBUG 94548 --- [CIVWBMS Backend] [nio-8080-exec-2] o.s.jdbc.core.JdbcTemplate               : Executing prepared SQL statement [SELECT COALESCE(SUM(total_amount),0) FROM coal_orders WHERE subsidiary_id=? AND status IN ('Approved','Processing','Dispatched','Delivered')]
2026-06-04T09:59:26.616+05:30 DEBUG 94548 --- [CIVWBMS Backend] [nio-8080-exec-2] o.s.jdbc.core.JdbcTemplate               : Executing prepared SQL query
2026-06-04T09:59:26.616+05:30 DEBUG 94548 --- [CIVWBMS Backend] [nio-8080-exec-2] o.s.jdbc.core.JdbcTemplate               : Executing prepared SQL statement [SELECT coal_quality label, SUM(available_quantity) value FROM coal_inventory WHERE subsidiary_id=? GROUP BY coal_quality]
2026-06-04T09:59:26.618+05:30 DEBUG 94548 --- [CIVWBMS Backend] [nio-8080-exec-2] o.s.jdbc.core.JdbcTemplate               : Executing prepared SQL query
2026-06-04T09:59:26.618+05:30 DEBUG 94548 --- [CIVWBMS Backend] [nio-8080-exec-2] o.s.jdbc.core.JdbcTemplate               : Executing prepared SQL statement [SELECT status label, COUNT(*) value FROM coal_orders WHERE subsidiary_id=? GROUP BY status]
2026-06-04T09:59:26.620+05:30 DEBUG 94548 --- [CIVWBMS Backend] [nio-8080-exec-2] o.s.jdbc.core.JdbcTemplate               : Executing prepared SQL query
2026-06-04T09:59:26.621+05:30 DEBUG 94548 --- [CIVWBMS Backend] [nio-8080-exec-2] o.s.jdbc.core.JdbcTemplate               : Executing prepared SQL statement [SELECT DATE_FORMAT(created_at,'%Y-%m') label, COUNT(*) value FROM coal_orders WHERE subsidiary_id=? GROUP BY DATE_FORMAT(created_at,'%Y-%m') ORDER BY label]
2026-06-04T09:59:26.623+05:30 DEBUG 94548 --- [CIVWBMS Backend] [nio-8080-exec-2] m.m.a.RequestResponseBodyMethodProcessor : Using 'application/json', given [application/json, text/plain, */*] and supported [application/json, application/*+json]
2026-06-04T09:59:26.624+05:30 DEBUG 94548 --- [CIVWBMS Backend] [nio-8080-exec-2] m.m.a.RequestResponseBodyMethodProcessor : Writing [{employees=13, attendance=8, leaves=5, inventoryTonnes=20125.00, orders=7, revenue=684870.00, charts (truncated)...]
2026-06-04T09:59:26.625+05:30 DEBUG 94548 --- [CIVWBMS Backend] [nio-8080-exec-2] o.s.web.servlet.DispatcherServlet        : Completed 200 OK
2026-06-04T09:59:36.179+05:30 DEBUG 94548 --- [CIVWBMS Backend] [nio-8080-exec-9] o.s.web.servlet.DispatcherServlet        : GET "/api/inventory", parameters={}
2026-06-04T09:59:36.179+05:30 DEBUG 94548 --- [CIVWBMS Backend] [io-8080-exec-10] o.s.web.servlet.DispatcherServlet        : GET "/api/orders", parameters={}
2026-06-04T09:59:36.180+05:30 DEBUG 94548 --- [CIVWBMS Backend] [nio-8080-exec-5] o.s.web.servlet.DispatcherServlet        : GET "/api/dashboard", parameters={}
2026-06-04T09:59:36.181+05:30 DEBUG 94548 --- [CIVWBMS Backend] [nio-8080-exec-9] s.w.s.m.m.a.RequestMappingHandlerMapping : Mapped to com.civwbms.controller.ApiController#list(String, Authentication)
2026-06-04T09:59:36.181+05:30 DEBUG 94548 --- [CIVWBMS Backend] [nio-8080-exec-1] o.s.web.servlet.DispatcherServlet        : GET "/api/subsidiaries", parameters={}
2026-06-04T09:59:36.181+05:30 DEBUG 94548 --- [CIVWBMS Backend] [io-8080-exec-10] s.w.s.m.m.a.RequestMappingHandlerMapping : Mapped to com.civwbms.controller.ApiController#list(String, Authentication)
2026-06-04T09:59:36.181+05:30 DEBUG 94548 --- [CIVWBMS Backend] [nio-8080-exec-5] s.w.s.m.m.a.RequestMappingHandlerMapping : Mapped to com.civwbms.controller.ApiController#dashboard(Authentication)
2026-06-04T09:59:36.181+05:30 DEBUG 94548 --- [CIVWBMS Backend] [nio-8080-exec-1] s.w.s.m.m.a.RequestMappingHandlerMapping : Mapped to com.civwbms.controller.ApiController#subsidiaries()
2026-06-04T09:59:36.183+05:30 DEBUG 94548 --- [CIVWBMS Backend] [nio-8080-exec-9] o.s.jdbc.core.JdbcTemplate               : Executing SQL query [SELECT c.*, s.code subsidiary_code, s.name subsidiary_name FROM coal_inventory c JOIN subsidiaries s ON s.id=c.subsidiary_id ORDER BY c.updated_at DESC]
2026-06-04T09:59:36.183+05:30 DEBUG 94548 --- [CIVWBMS Backend] [io-8080-exec-10] o.s.jdbc.core.JdbcTemplate               : Executing prepared SQL query
2026-06-04T09:59:36.183+05:30 DEBUG 94548 --- [CIVWBMS Backend] [nio-8080-exec-5] o.s.jdbc.core.JdbcTemplate               : Executing prepared SQL query
2026-06-04T09:59:36.183+05:30 DEBUG 94548 --- [CIVWBMS Backend] [nio-8080-exec-1] o.s.jdbc.core.JdbcTemplate               : Executing SQL query [SELECT * FROM subsidiaries ORDER BY name]
2026-06-04T09:59:36.184+05:30 DEBUG 94548 --- [CIVWBMS Backend] [io-8080-exec-10] o.s.jdbc.core.JdbcTemplate               : Executing prepared SQL statement [SELECT o.*, c.company_name, s.code subsidiary_code FROM coal_orders o JOIN clients c ON c.id=o.client_id JOIN subsidiaries s ON s.id=o.subsidiary_id WHERE o.subsidiary_id=? ORDER BY o.created_at DESC]
2026-06-04T09:59:36.184+05:30 DEBUG 94548 --- [CIVWBMS Backend] [nio-8080-exec-5] o.s.jdbc.core.JdbcTemplate               : Executing prepared SQL statement [SELECT COUNT(*) FROM employees WHERE subsidiary_id=?]
2026-06-04T09:59:36.185+05:30 DEBUG 94548 --- [CIVWBMS Backend] [nio-8080-exec-1] m.m.a.RequestResponseBodyMethodProcessor : Using 'application/json', given [application/json, text/plain, */*] and supported [application/json, application/*+json]
2026-06-04T09:59:36.186+05:30 DEBUG 94548 --- [CIVWBMS Backend] [nio-8080-exec-1] m.m.a.RequestResponseBodyMethodProcessor : Writing [[{id=2, code=BCCL, name=Bharat Coking Coal Limited}, {id=3, code=CCL, name=Central Coalfields Limite (truncated)...]
2026-06-04T09:59:36.186+05:30 DEBUG 94548 --- [CIVWBMS Backend] [nio-8080-exec-5] o.s.jdbc.core.JdbcTemplate               : Executing prepared SQL query
2026-06-04T09:59:36.187+05:30 DEBUG 94548 --- [CIVWBMS Backend] [nio-8080-exec-5] o.s.jdbc.core.JdbcTemplate               : Executing prepared SQL statement [SELECT COUNT(*) FROM attendance a JOIN employees e ON e.id=a.employee_id WHERE e.subsidiary_id=?]
2026-06-04T09:59:36.187+05:30 DEBUG 94548 --- [CIVWBMS Backend] [io-8080-exec-10] m.m.a.RequestResponseBodyMethodProcessor : Using 'application/json', given [application/json, text/plain, */*] and supported [application/json, application/*+json]
2026-06-04T09:59:36.187+05:30 DEBUG 94548 --- [CIVWBMS Backend] [nio-8080-exec-1] o.s.web.servlet.DispatcherServlet        : Completed 200 OK
2026-06-04T09:59:36.187+05:30 DEBUG 94548 --- [CIVWBMS Backend] [nio-8080-exec-9] m.m.a.RequestResponseBodyMethodProcessor : Using 'application/json', given [application/json, text/plain, */*] and supported [application/json, application/*+json]
2026-06-04T09:59:36.189+05:30 DEBUG 94548 --- [CIVWBMS Backend] [io-8080-exec-10] m.m.a.RequestResponseBodyMethodProcessor : Writing [[{id=1, client_id=1, inventory_id=1, subsidiary_id=1, area=Area 1, colliery=Colliery 1, coal_grade=G (truncated)...]
2026-06-04T09:59:36.190+05:30 DEBUG 94548 --- [CIVWBMS Backend] [nio-8080-exec-5] o.s.jdbc.core.JdbcTemplate               : Executing prepared SQL query
2026-06-04T09:59:36.190+05:30 DEBUG 94548 --- [CIVWBMS Backend] [nio-8080-exec-5] o.s.jdbc.core.JdbcTemplate               : Executing prepared SQL statement [SELECT COUNT(*) FROM leave_applications l JOIN employees e ON e.id=l.employee_id WHERE e.subsidiary_id=?]
2026-06-04T09:59:36.190+05:30 DEBUG 94548 --- [CIVWBMS Backend] [nio-8080-exec-9] m.m.a.RequestResponseBodyMethodProcessor : Writing [[{id=1, subsidiary_id=1, area=Area 1, colliery=Colliery 1, coal_grade=G1, coal_quality=Premium, avai (truncated)...]
2026-06-04T09:59:36.190+05:30 DEBUG 94548 --- [CIVWBMS Backend] [io-8080-exec-10] o.s.web.servlet.DispatcherServlet        : Completed 200 OK
2026-06-04T09:59:36.191+05:30 DEBUG 94548 --- [CIVWBMS Backend] [nio-8080-exec-5] o.s.jdbc.core.JdbcTemplate               : Executing prepared SQL query
2026-06-04T09:59:36.192+05:30 DEBUG 94548 --- [CIVWBMS Backend] [nio-8080-exec-5] o.s.jdbc.core.JdbcTemplate               : Executing prepared SQL statement [SELECT COALESCE(SUM(available_quantity),0) FROM coal_inventory WHERE subsidiary_id=?]
2026-06-04T09:59:36.192+05:30 DEBUG 94548 --- [CIVWBMS Backend] [nio-8080-exec-9] o.s.web.servlet.DispatcherServlet        : Completed 200 OK
2026-06-04T09:59:36.194+05:30 DEBUG 94548 --- [CIVWBMS Backend] [nio-8080-exec-5] o.s.jdbc.core.JdbcTemplate               : Executing prepared SQL query
2026-06-04T09:59:36.194+05:30 DEBUG 94548 --- [CIVWBMS Backend] [nio-8080-exec-5] o.s.jdbc.core.JdbcTemplate               : Executing prepared SQL statement [SELECT COUNT(*) FROM coal_orders o WHERE o.subsidiary_id=?]
2026-06-04T09:59:36.196+05:30 DEBUG 94548 --- [CIVWBMS Backend] [nio-8080-exec-5] o.s.jdbc.core.JdbcTemplate               : Executing prepared SQL query
2026-06-04T09:59:36.197+05:30 DEBUG 94548 --- [CIVWBMS Backend] [nio-8080-exec-5] o.s.jdbc.core.JdbcTemplate               : Executing prepared SQL statement [SELECT COALESCE(SUM(total_amount),0) FROM coal_orders WHERE subsidiary_id=? AND status IN ('Approved','Processing','Dispatched','Delivered')]
2026-06-04T09:59:36.198+05:30 DEBUG 94548 --- [CIVWBMS Backend] [nio-8080-exec-5] o.s.jdbc.core.JdbcTemplate               : Executing prepared SQL query
2026-06-04T09:59:36.198+05:30 DEBUG 94548 --- [CIVWBMS Backend] [nio-8080-exec-5] o.s.jdbc.core.JdbcTemplate               : Executing prepared SQL statement [SELECT coal_quality label, SUM(available_quantity) value FROM coal_inventory WHERE subsidiary_id=? GROUP BY coal_quality]
2026-06-04T09:59:36.199+05:30 DEBUG 94548 --- [CIVWBMS Backend] [nio-8080-exec-5] o.s.jdbc.core.JdbcTemplate               : Executing prepared SQL query
2026-06-04T09:59:36.200+05:30 DEBUG 94548 --- [CIVWBMS Backend] [nio-8080-exec-5] o.s.jdbc.core.JdbcTemplate               : Executing prepared SQL statement [SELECT status label, COUNT(*) value FROM coal_orders WHERE subsidiary_id=? GROUP BY status]
2026-06-04T09:59:36.200+05:30 DEBUG 94548 --- [CIVWBMS Backend] [nio-8080-exec-5] o.s.jdbc.core.JdbcTemplate               : Executing prepared SQL query
2026-06-04T09:59:36.201+05:30 DEBUG 94548 --- [CIVWBMS Backend] [nio-8080-exec-5] o.s.jdbc.core.JdbcTemplate               : Executing prepared SQL statement [SELECT DATE_FORMAT(created_at,'%Y-%m') label, COUNT(*) value FROM coal_orders WHERE subsidiary_id=? GROUP BY DATE_FORMAT(created_at,'%Y-%m') ORDER BY label]
2026-06-04T09:59:36.202+05:30 DEBUG 94548 --- [CIVWBMS Backend] [nio-8080-exec-5] m.m.a.RequestResponseBodyMethodProcessor : Using 'application/json', given [application/json, text/plain, */*] and supported [application/json, application/*+json]
2026-06-04T09:59:36.203+05:30 DEBUG 94548 --- [CIVWBMS Backend] [nio-8080-exec-5] m.m.a.RequestResponseBodyMethodProcessor : Writing [{employees=13, attendance=8, leaves=5, inventoryTonnes=20125.00, orders=7, revenue=684870.00, charts (truncated)...]
2026-06-04T09:59:36.204+05:30 DEBUG 94548 --- [CIVWBMS Backend] [nio-8080-exec-5] o.s.web.servlet.DispatcherServlet        : Completed 200 OK
2026-06-04T09:59:41.250+05:30 DEBUG 94548 --- [CIVWBMS Backend] [nio-8080-exec-2] o.s.web.servlet.DispatcherServlet        : GET "/api/dashboard", parameters={}
2026-06-04T09:59:41.252+05:30 DEBUG 94548 --- [CIVWBMS Backend] [nio-8080-exec-2] s.w.s.m.m.a.RequestMappingHandlerMapping : Mapped to com.civwbms.controller.ApiController#dashboard(Authentication)
2026-06-04T09:59:41.253+05:30 DEBUG 94548 --- [CIVWBMS Backend] [nio-8080-exec-2] o.s.jdbc.core.JdbcTemplate               : Executing prepared SQL query
2026-06-04T09:59:41.253+05:30 DEBUG 94548 --- [CIVWBMS Backend] [nio-8080-exec-2] o.s.jdbc.core.JdbcTemplate               : Executing prepared SQL statement [SELECT COUNT(*) FROM employees WHERE subsidiary_id=?]
2026-06-04T09:59:41.256+05:30 DEBUG 94548 --- [CIVWBMS Backend] [nio-8080-exec-2] o.s.jdbc.core.JdbcTemplate               : Executing prepared SQL query
2026-06-04T09:59:41.256+05:30 DEBUG 94548 --- [CIVWBMS Backend] [nio-8080-exec-2] o.s.jdbc.core.JdbcTemplate               : Executing prepared SQL statement [SELECT COUNT(*) FROM attendance a JOIN employees e ON e.id=a.employee_id WHERE e.subsidiary_id=?]
2026-06-04T09:59:41.258+05:30 DEBUG 94548 --- [CIVWBMS Backend] [nio-8080-exec-2] o.s.jdbc.core.JdbcTemplate               : Executing prepared SQL query
2026-06-04T09:59:41.259+05:30 DEBUG 94548 --- [CIVWBMS Backend] [nio-8080-exec-2] o.s.jdbc.core.JdbcTemplate               : Executing prepared SQL statement [SELECT COUNT(*) FROM leave_applications l JOIN employees e ON e.id=l.employee_id WHERE e.subsidiary_id=?]
2026-06-04T09:59:41.261+05:30 DEBUG 94548 --- [CIVWBMS Backend] [nio-8080-exec-2] o.s.jdbc.core.JdbcTemplate               : Executing prepared SQL query
2026-06-04T09:59:41.261+05:30 DEBUG 94548 --- [CIVWBMS Backend] [nio-8080-exec-2] o.s.jdbc.core.JdbcTemplate               : Executing prepared SQL statement [SELECT COALESCE(SUM(available_quantity),0) FROM coal_inventory WHERE subsidiary_id=?]
2026-06-04T09:59:41.263+05:30 DEBUG 94548 --- [CIVWBMS Backend] [nio-8080-exec-2] o.s.jdbc.core.JdbcTemplate               : Executing prepared SQL query
2026-06-04T09:59:41.263+05:30 DEBUG 94548 --- [CIVWBMS Backend] [nio-8080-exec-2] o.s.jdbc.core.JdbcTemplate               : Executing prepared SQL statement [SELECT COUNT(*) FROM coal_orders o WHERE o.subsidiary_id=?]
2026-06-04T09:59:41.264+05:30 DEBUG 94548 --- [CIVWBMS Backend] [nio-8080-exec-2] o.s.jdbc.core.JdbcTemplate               : Executing prepared SQL query
2026-06-04T09:59:41.265+05:30 DEBUG 94548 --- [CIVWBMS Backend] [nio-8080-exec-2] o.s.jdbc.core.JdbcTemplate               : Executing prepared SQL statement [SELECT COALESCE(SUM(total_amount),0) FROM coal_orders WHERE subsidiary_id=? AND status IN ('Approved','Processing','Dispatched','Delivered')]
2026-06-04T09:59:41.266+05:30 DEBUG 94548 --- [CIVWBMS Backend] [nio-8080-exec-2] o.s.jdbc.core.JdbcTemplate               : Executing prepared SQL query
2026-06-04T09:59:41.266+05:30 DEBUG 94548 --- [CIVWBMS Backend] [nio-8080-exec-2] o.s.jdbc.core.JdbcTemplate               : Executing prepared SQL statement [SELECT coal_quality label, SUM(available_quantity) value FROM coal_inventory WHERE subsidiary_id=? GROUP BY coal_quality]
2026-06-04T09:59:41.268+05:30 DEBUG 94548 --- [CIVWBMS Backend] [nio-8080-exec-2] o.s.jdbc.core.JdbcTemplate               : Executing prepared SQL query
2026-06-04T09:59:41.268+05:30 DEBUG 94548 --- [CIVWBMS Backend] [nio-8080-exec-2] o.s.jdbc.core.JdbcTemplate               : Executing prepared SQL statement [SELECT status label, COUNT(*) value FROM coal_orders WHERE subsidiary_id=? GROUP BY status]
2026-06-04T09:59:41.271+05:30 DEBUG 94548 --- [CIVWBMS Backend] [nio-8080-exec-2] o.s.jdbc.core.JdbcTemplate               : Executing prepared SQL query
2026-06-04T09:59:41.271+05:30 DEBUG 94548 --- [CIVWBMS Backend] [nio-8080-exec-2] o.s.jdbc.core.JdbcTemplate               : Executing prepared SQL statement [SELECT DATE_FORMAT(created_at,'%Y-%m') label, COUNT(*) value FROM coal_orders WHERE subsidiary_id=? GROUP BY DATE_FORMAT(created_at,'%Y-%m') ORDER BY label]
2026-06-04T09:59:41.273+05:30 DEBUG 94548 --- [CIVWBMS Backend] [nio-8080-exec-2] m.m.a.RequestResponseBodyMethodProcessor : Using 'application/json', given [application/json, text/plain, */*] and supported [application/json, application/*+json]
2026-06-04T09:59:41.274+05:30 DEBUG 94548 --- [CIVWBMS Backend] [nio-8080-exec-2] m.m.a.RequestResponseBodyMethodProcessor : Writing [{employees=13, attendance=8, leaves=5, inventoryTonnes=20125.00, orders=7, revenue=684870.00, charts (truncated)...]
2026-06-04T09:59:41.275+05:30 DEBUG 94548 --- [CIVWBMS Backend] [nio-8080-exec-2] o.s.web.servlet.DispatcherServlet        : Completed 200 OK
2026-06-04T09:59:42.167+05:30 DEBUG 94548 --- [CIVWBMS Backend] [nio-8080-exec-7] o.s.web.servlet.DispatcherServlet        : GET "/api/subsidiaries", parameters={}
2026-06-04T09:59:42.168+05:30 DEBUG 94548 --- [CIVWBMS Backend] [nio-8080-exec-7] s.w.s.m.m.a.RequestMappingHandlerMapping : Mapped to com.civwbms.controller.ApiController#subsidiaries()
2026-06-04T09:59:42.168+05:30 DEBUG 94548 --- [CIVWBMS Backend] [nio-8080-exec-7] o.s.jdbc.core.JdbcTemplate               : Executing SQL query [SELECT * FROM subsidiaries ORDER BY name]
2026-06-04T09:59:42.171+05:30 DEBUG 94548 --- [CIVWBMS Backend] [nio-8080-exec-7] m.m.a.RequestResponseBodyMethodProcessor : Using 'application/json', given [application/json, text/plain, */*] and supported [application/json, application/*+json]
2026-06-04T09:59:42.171+05:30 DEBUG 94548 --- [CIVWBMS Backend] [nio-8080-exec-7] m.m.a.RequestResponseBodyMethodProcessor : Writing [[{id=2, code=BCCL, name=Bharat Coking Coal Limited}, {id=3, code=CCL, name=Central Coalfields Limite (truncated)...]
2026-06-04T09:59:42.172+05:30 DEBUG 94548 --- [CIVWBMS Backend] [nio-8080-exec-7] o.s.web.servlet.DispatcherServlet        : Completed 200 OK
2026-06-04T09:59:56.210+05:30 DEBUG 94548 --- [CIVWBMS Backend] [nio-8080-exec-8] o.s.web.servlet.DispatcherServlet        : POST "/api/auth/login", parameters={}
2026-06-04T09:59:56.220+05:30 DEBUG 94548 --- [CIVWBMS Backend] [nio-8080-exec-8] s.w.s.m.m.a.RequestMappingHandlerMapping : Mapped to com.civwbms.controller.AuthController#login(AuthRequest)
2026-06-04T09:59:56.221+05:30 DEBUG 94548 --- [CIVWBMS Backend] [nio-8080-exec-8] m.m.a.RequestResponseBodyMethodProcessor : Read "application/json;charset=UTF-8" to [AuthRequest[role=EMPLOYEE, identifier=EMP001, password=Password@123, subsidiaryId=1, profile={subsid (truncated)...]
2026-06-04T09:59:56.223+05:30 DEBUG 94548 --- [CIVWBMS Backend] [nio-8080-exec-8] o.s.jdbc.core.JdbcTemplate               : Executing prepared SQL query
2026-06-04T09:59:56.223+05:30 DEBUG 94548 --- [CIVWBMS Backend] [nio-8080-exec-8] o.s.jdbc.core.JdbcTemplate               : Executing prepared SQL statement [SELECT id, employee_code identifier, full_name name, password_hash, subsidiary_id FROM employees WHERE employee_code=? AND subsidiary_id=1]
2026-06-04T09:59:56.353+05:30 DEBUG 94548 --- [CIVWBMS Backend] [nio-8080-exec-8] o.s.w.s.m.m.a.HttpEntityMethodProcessor  : Using 'application/json', given [application/json, text/plain, */*] and supported [application/json, application/*+json]
2026-06-04T09:59:56.353+05:30 DEBUG 94548 --- [CIVWBMS Backend] [nio-8080-exec-8] o.s.w.s.m.m.a.HttpEntityMethodProcessor  : Writing [{user={role=EMPLOYEE, id=1, identifier=EMP001, name=Employee 1, subsidiaryId=1}, token=eyJhbGciOiJIU (truncated)...]
2026-06-04T09:59:56.355+05:30 DEBUG 94548 --- [CIVWBMS Backend] [nio-8080-exec-8] o.s.web.servlet.DispatcherServlet        : Completed 200 OK
2026-06-04T09:59:56.368+05:30 DEBUG 94548 --- [CIVWBMS Backend] [io-8080-exec-10] o.s.web.servlet.DispatcherServlet        : GET "/api/dashboard", parameters={}
2026-06-04T09:59:56.369+05:30 DEBUG 94548 --- [CIVWBMS Backend] [io-8080-exec-10] s.w.s.m.m.a.RequestMappingHandlerMapping : Mapped to com.civwbms.controller.ApiController#dashboard(Authentication)
2026-06-04T09:59:56.370+05:30 DEBUG 94548 --- [CIVWBMS Backend] [io-8080-exec-10] o.s.jdbc.core.JdbcTemplate               : Executing prepared SQL query
2026-06-04T09:59:56.371+05:30 DEBUG 94548 --- [CIVWBMS Backend] [io-8080-exec-10] o.s.jdbc.core.JdbcTemplate               : Executing prepared SQL statement [SELECT COUNT(*) FROM employees WHERE subsidiary_id=?]
2026-06-04T09:59:56.373+05:30 DEBUG 94548 --- [CIVWBMS Backend] [io-8080-exec-10] o.s.jdbc.core.JdbcTemplate               : Executing prepared SQL query
2026-06-04T09:59:56.373+05:30 DEBUG 94548 --- [CIVWBMS Backend] [io-8080-exec-10] o.s.jdbc.core.JdbcTemplate               : Executing prepared SQL statement [SELECT COUNT(*) FROM attendance a JOIN employees e ON e.id=a.employee_id WHERE e.subsidiary_id=?]
2026-06-04T09:59:56.375+05:30 DEBUG 94548 --- [CIVWBMS Backend] [io-8080-exec-10] o.s.jdbc.core.JdbcTemplate               : Executing prepared SQL query
2026-06-04T09:59:56.376+05:30 DEBUG 94548 --- [CIVWBMS Backend] [io-8080-exec-10] o.s.jdbc.core.JdbcTemplate               : Executing prepared SQL statement [SELECT COUNT(*) FROM leave_applications l JOIN employees e ON e.id=l.employee_id WHERE e.subsidiary_id=?]
2026-06-04T09:59:56.377+05:30 DEBUG 94548 --- [CIVWBMS Backend] [io-8080-exec-10] o.s.jdbc.core.JdbcTemplate               : Executing prepared SQL query
2026-06-04T09:59:56.377+05:30 DEBUG 94548 --- [CIVWBMS Backend] [io-8080-exec-10] o.s.jdbc.core.JdbcTemplate               : Executing prepared SQL statement [SELECT COALESCE(SUM(available_quantity),0) FROM coal_inventory WHERE subsidiary_id=?]
2026-06-04T09:59:56.379+05:30 DEBUG 94548 --- [CIVWBMS Backend] [io-8080-exec-10] o.s.jdbc.core.JdbcTemplate               : Executing prepared SQL query
2026-06-04T09:59:56.379+05:30 DEBUG 94548 --- [CIVWBMS Backend] [io-8080-exec-10] o.s.jdbc.core.JdbcTemplate               : Executing prepared SQL statement [SELECT COUNT(*) FROM coal_orders o WHERE o.subsidiary_id=?]
2026-06-04T09:59:56.380+05:30 DEBUG 94548 --- [CIVWBMS Backend] [io-8080-exec-10] o.s.jdbc.core.JdbcTemplate               : Executing prepared SQL query
2026-06-04T09:59:56.380+05:30 DEBUG 94548 --- [CIVWBMS Backend] [io-8080-exec-10] o.s.jdbc.core.JdbcTemplate               : Executing prepared SQL statement [SELECT COALESCE(SUM(total_amount),0) FROM coal_orders WHERE subsidiary_id=? AND status IN ('Approved','Processing','Dispatched','Delivered')]
2026-06-04T09:59:56.382+05:30 DEBUG 94548 --- [CIVWBMS Backend] [io-8080-exec-10] o.s.jdbc.core.JdbcTemplate               : Executing prepared SQL query
2026-06-04T09:59:56.382+05:30 DEBUG 94548 --- [CIVWBMS Backend] [io-8080-exec-10] o.s.jdbc.core.JdbcTemplate               : Executing prepared SQL statement [SELECT coal_quality label, SUM(available_quantity) value FROM coal_inventory WHERE subsidiary_id=? GROUP BY coal_quality]
2026-06-04T09:59:56.383+05:30 DEBUG 94548 --- [CIVWBMS Backend] [io-8080-exec-10] o.s.jdbc.core.JdbcTemplate               : Executing prepared SQL query
2026-06-04T09:59:56.383+05:30 DEBUG 94548 --- [CIVWBMS Backend] [io-8080-exec-10] o.s.jdbc.core.JdbcTemplate               : Executing prepared SQL statement [SELECT status label, COUNT(*) value FROM coal_orders WHERE subsidiary_id=? GROUP BY status]
2026-06-04T09:59:56.386+05:30 DEBUG 94548 --- [CIVWBMS Backend] [io-8080-exec-10] o.s.jdbc.core.JdbcTemplate               : Executing prepared SQL query
2026-06-04T09:59:56.391+05:30 DEBUG 94548 --- [CIVWBMS Backend] [io-8080-exec-10] o.s.jdbc.core.JdbcTemplate               : Executing prepared SQL statement [SELECT DATE_FORMAT(created_at,'%Y-%m') label, COUNT(*) value FROM coal_orders WHERE subsidiary_id=? GROUP BY DATE_FORMAT(created_at,'%Y-%m') ORDER BY label]
2026-06-04T09:59:56.393+05:30 DEBUG 94548 --- [CIVWBMS Backend] [io-8080-exec-10] m.m.a.RequestResponseBodyMethodProcessor : Using 'application/json', given [application/json, text/plain, */*] and supported [application/json, application/*+json]
2026-06-04T09:59:56.393+05:30 DEBUG 94548 --- [CIVWBMS Backend] [io-8080-exec-10] m.m.a.RequestResponseBodyMethodProcessor : Writing [{employees=13, attendance=8, leaves=5, inventoryTonnes=20125.00, orders=7, revenue=684870.00, charts (truncated)...]
2026-06-04T09:59:56.394+05:30 DEBUG 94548 --- [CIVWBMS Backend] [io-8080-exec-10] o.s.web.servlet.DispatcherServlet        : Completed 200 OK
2026-06-04T09:59:59.000+05:30 DEBUG 94548 --- [CIVWBMS Backend] [nio-8080-exec-3] o.s.web.servlet.DispatcherServlet        : GET "/api/dashboard", parameters={}
2026-06-04T09:59:59.009+05:30 DEBUG 94548 --- [CIVWBMS Backend] [nio-8080-exec-3] s.w.s.m.m.a.RequestMappingHandlerMapping : Mapped to com.civwbms.controller.ApiController#dashboard(Authentication)
2026-06-04T09:59:59.010+05:30 DEBUG 94548 --- [CIVWBMS Backend] [nio-8080-exec-3] o.s.jdbc.core.JdbcTemplate               : Executing prepared SQL query
2026-06-04T09:59:59.010+05:30 DEBUG 94548 --- [CIVWBMS Backend] [nio-8080-exec-3] o.s.jdbc.core.JdbcTemplate               : Executing prepared SQL statement [SELECT COUNT(*) FROM attendance WHERE employee_id=?]
2026-06-04T09:59:59.012+05:30 DEBUG 94548 --- [CIVWBMS Backend] [nio-8080-exec-2] o.s.web.servlet.DispatcherServlet        : GET "/api/subsidiaries", parameters={}
2026-06-04T09:59:59.012+05:30 DEBUG 94548 --- [CIVWBMS Backend] [nio-8080-exec-6] o.s.web.servlet.DispatcherServlet        : GET "/api/attendance", parameters={}
2026-06-04T09:59:59.012+05:30 DEBUG 94548 --- [CIVWBMS Backend] [nio-8080-exec-3] o.s.jdbc.core.JdbcTemplate               : Executing prepared SQL query
2026-06-04T09:59:59.012+05:30 DEBUG 94548 --- [CIVWBMS Backend] [nio-8080-exec-2] s.w.s.m.m.a.RequestMappingHandlerMapping : Mapped to com.civwbms.controller.ApiController#subsidiaries()
2026-06-04T09:59:59.013+05:30 DEBUG 94548 --- [CIVWBMS Backend] [nio-8080-exec-6] s.w.s.m.m.a.RequestMappingHandlerMapping : Mapped to com.civwbms.controller.ApiController#list(String, Authentication)
2026-06-04T09:59:59.013+05:30 DEBUG 94548 --- [CIVWBMS Backend] [nio-8080-exec-2] o.s.jdbc.core.JdbcTemplate               : Executing SQL query [SELECT * FROM subsidiaries ORDER BY name]
2026-06-04T09:59:59.013+05:30 DEBUG 94548 --- [CIVWBMS Backend] [nio-8080-exec-3] o.s.jdbc.core.JdbcTemplate               : Executing prepared SQL statement [SELECT COUNT(*) FROM leave_applications WHERE employee_id=?]
2026-06-04T09:59:59.014+05:30 DEBUG 94548 --- [CIVWBMS Backend] [nio-8080-exec-6] o.s.jdbc.core.JdbcTemplate               : Executing prepared SQL query
2026-06-04T09:59:59.014+05:30 DEBUG 94548 --- [CIVWBMS Backend] [nio-8080-exec-6] o.s.jdbc.core.JdbcTemplate               : Executing prepared SQL statement [SELECT * FROM attendance WHERE employee_id=? ORDER BY attendance_date DESC]
2026-06-04T09:59:59.015+05:30 DEBUG 94548 --- [CIVWBMS Backend] [nio-8080-exec-3] o.s.jdbc.core.JdbcTemplate               : Executing prepared SQL query
2026-06-04T09:59:59.015+05:30 DEBUG 94548 --- [CIVWBMS Backend] [nio-8080-exec-2] m.m.a.RequestResponseBodyMethodProcessor : Using 'application/json', given [application/json, text/plain, */*] and supported [application/json, application/*+json]
2026-06-04T09:59:59.015+05:30 DEBUG 94548 --- [CIVWBMS Backend] [nio-8080-exec-3] o.s.jdbc.core.JdbcTemplate               : Executing prepared SQL statement [SELECT COUNT(*) FROM scholarships WHERE employee_id=?]
2026-06-04T09:59:59.015+05:30 DEBUG 94548 --- [CIVWBMS Backend] [nio-8080-exec-6] m.m.a.RequestResponseBodyMethodProcessor : Using 'application/json', given [application/json, text/plain, */*] and supported [application/json, application/*+json]
2026-06-04T09:59:59.015+05:30 DEBUG 94548 --- [CIVWBMS Backend] [nio-8080-exec-2] m.m.a.RequestResponseBodyMethodProcessor : Writing [[{id=2, code=BCCL, name=Bharat Coking Coal Limited}, {id=3, code=CCL, name=Central Coalfields Limite (truncated)...]
2026-06-04T09:59:59.017+05:30 DEBUG 94548 --- [CIVWBMS Backend] [nio-8080-exec-6] m.m.a.RequestResponseBodyMethodProcessor : Writing [[{id=1, employee_id=1, attendance_date=2026-06-03, in_time=09:00:00, out_time=17:30:00, status=Appro (truncated)...]
2026-06-04T09:59:59.017+05:30 DEBUG 94548 --- [CIVWBMS Backend] [nio-8080-exec-3] o.s.jdbc.core.JdbcTemplate               : Executing prepared SQL query
2026-06-04T09:59:59.018+05:30 DEBUG 94548 --- [CIVWBMS Backend] [nio-8080-exec-2] o.s.web.servlet.DispatcherServlet        : Completed 200 OK
2026-06-04T09:59:59.018+05:30 DEBUG 94548 --- [CIVWBMS Backend] [nio-8080-exec-6] o.s.web.servlet.DispatcherServlet        : Completed 200 OK
2026-06-04T09:59:59.018+05:30 DEBUG 94548 --- [CIVWBMS Backend] [nio-8080-exec-3] o.s.jdbc.core.JdbcTemplate               : Executing prepared SQL statement [SELECT COUNT(*) FROM notifications WHERE recipient_role='EMPLOYEE' AND recipient_id=? AND is_read=0]
2026-06-04T09:59:59.020+05:30 DEBUG 94548 --- [CIVWBMS Backend] [nio-8080-exec-3] o.s.jdbc.core.JdbcTemplate               : Executing prepared SQL query
2026-06-04T09:59:59.020+05:30 DEBUG 94548 --- [CIVWBMS Backend] [nio-8080-exec-3] o.s.jdbc.core.JdbcTemplate               : Executing prepared SQL statement [SELECT coal_quality label, SUM(available_quantity) value FROM coal_inventory WHERE subsidiary_id=? GROUP BY coal_quality]
2026-06-04T09:59:59.022+05:30 DEBUG 94548 --- [CIVWBMS Backend] [nio-8080-exec-3] o.s.jdbc.core.JdbcTemplate               : Executing prepared SQL query
2026-06-04T09:59:59.022+05:30 DEBUG 94548 --- [CIVWBMS Backend] [nio-8080-exec-3] o.s.jdbc.core.JdbcTemplate               : Executing prepared SQL statement [SELECT status label, COUNT(*) value FROM coal_orders WHERE subsidiary_id=? GROUP BY status]
2026-06-04T09:59:59.023+05:30 DEBUG 94548 --- [CIVWBMS Backend] [nio-8080-exec-3] o.s.jdbc.core.JdbcTemplate               : Executing prepared SQL query
2026-06-04T09:59:59.023+05:30 DEBUG 94548 --- [CIVWBMS Backend] [nio-8080-exec-3] o.s.jdbc.core.JdbcTemplate               : Executing prepared SQL statement [SELECT DATE_FORMAT(created_at,'%Y-%m') label, COUNT(*) value FROM coal_orders WHERE subsidiary_id=? GROUP BY DATE_FORMAT(created_at,'%Y-%m') ORDER BY label]
2026-06-04T09:59:59.024+05:30 DEBUG 94548 --- [CIVWBMS Backend] [nio-8080-exec-3] m.m.a.RequestResponseBodyMethodProcessor : Using 'application/json', given [application/json, text/plain, */*] and supported [application/json, application/*+json]
2026-06-04T09:59:59.025+05:30 DEBUG 94548 --- [CIVWBMS Backend] [nio-8080-exec-3] m.m.a.RequestResponseBodyMethodProcessor : Writing [{attendance=1, leaves=1, scholarships=0, notifications=1, charts={quality=[{label=Premium, value=201 (truncated)...]
2026-06-04T09:59:59.027+05:30 DEBUG 94548 --- [CIVWBMS Backend] [nio-8080-exec-3] o.s.web.servlet.DispatcherServlet        : Completed 200 OK
2026-06-04T10:00:10.134+05:30 DEBUG 94548 --- [CIVWBMS Backend] [io-8080-exec-10] o.s.web.servlet.DispatcherServlet        : GET "/api/subsidiaries", parameters={}
2026-06-04T10:00:10.134+05:30 DEBUG 94548 --- [CIVWBMS Backend] [nio-8080-exec-1] o.s.web.servlet.DispatcherServlet        : GET "/api/notifications", parameters={}
2026-06-04T10:00:10.134+05:30 DEBUG 94548 --- [CIVWBMS Backend] [nio-8080-exec-5] o.s.web.servlet.DispatcherServlet        : GET "/api/dashboard", parameters={}
2026-06-04T10:00:10.134+05:30 DEBUG 94548 --- [CIVWBMS Backend] [io-8080-exec-10] s.w.s.m.m.a.RequestMappingHandlerMapping : Mapped to com.civwbms.controller.ApiController#subsidiaries()
2026-06-04T10:00:10.134+05:30 DEBUG 94548 --- [CIVWBMS Backend] [nio-8080-exec-1] s.w.s.m.m.a.RequestMappingHandlerMapping : Mapped to com.civwbms.controller.ApiController#list(String, Authentication)
2026-06-04T10:00:10.136+05:30 DEBUG 94548 --- [CIVWBMS Backend] [nio-8080-exec-5] s.w.s.m.m.a.RequestMappingHandlerMapping : Mapped to com.civwbms.controller.ApiController#dashboard(Authentication)
2026-06-04T10:00:10.136+05:30 DEBUG 94548 --- [CIVWBMS Backend] [io-8080-exec-10] o.s.jdbc.core.JdbcTemplate               : Executing SQL query [SELECT * FROM subsidiaries ORDER BY name]
2026-06-04T10:00:10.136+05:30 DEBUG 94548 --- [CIVWBMS Backend] [nio-8080-exec-1] o.s.jdbc.core.JdbcTemplate               : Executing prepared SQL query
2026-06-04T10:00:10.136+05:30 DEBUG 94548 --- [CIVWBMS Backend] [nio-8080-exec-5] o.s.jdbc.core.JdbcTemplate               : Executing prepared SQL query
2026-06-04T10:00:10.137+05:30 DEBUG 94548 --- [CIVWBMS Backend] [nio-8080-exec-1] o.s.jdbc.core.JdbcTemplate               : Executing prepared SQL statement [SELECT * FROM notifications WHERE recipient_role=? AND recipient_id=? ORDER BY created_at DESC LIMIT 30]
2026-06-04T10:00:10.137+05:30 DEBUG 94548 --- [CIVWBMS Backend] [nio-8080-exec-5] o.s.jdbc.core.JdbcTemplate               : Executing prepared SQL statement [SELECT COUNT(*) FROM attendance WHERE employee_id=?]
2026-06-04T10:00:10.139+05:30 DEBUG 94548 --- [CIVWBMS Backend] [io-8080-exec-10] m.m.a.RequestResponseBodyMethodProcessor : Using 'application/json', given [application/json, text/plain, */*] and supported [application/json, application/*+json]
2026-06-04T10:00:10.139+05:30 DEBUG 94548 --- [CIVWBMS Backend] [io-8080-exec-10] m.m.a.RequestResponseBodyMethodProcessor : Writing [[{id=2, code=BCCL, name=Bharat Coking Coal Limited}, {id=3, code=CCL, name=Central Coalfields Limite (truncated)...]
2026-06-04T10:00:10.139+05:30 DEBUG 94548 --- [CIVWBMS Backend] [nio-8080-exec-1] m.m.a.RequestResponseBodyMethodProcessor : Using 'application/json', given [application/json, text/plain, */*] and supported [application/json, application/*+json]
2026-06-04T10:00:10.139+05:30 DEBUG 94548 --- [CIVWBMS Backend] [nio-8080-exec-5] o.s.jdbc.core.JdbcTemplate               : Executing prepared SQL query
2026-06-04T10:00:10.140+05:30 DEBUG 94548 --- [CIVWBMS Backend] [nio-8080-exec-1] m.m.a.RequestResponseBodyMethodProcessor : Writing [[{id=1, recipient_role=EMPLOYEE, recipient_id=1, title=Welcome, message=Your employee dashboard is a (truncated)...]
2026-06-04T10:00:10.140+05:30 DEBUG 94548 --- [CIVWBMS Backend] [nio-8080-exec-5] o.s.jdbc.core.JdbcTemplate               : Executing prepared SQL statement [SELECT COUNT(*) FROM leave_applications WHERE employee_id=?]
2026-06-04T10:00:10.140+05:30 DEBUG 94548 --- [CIVWBMS Backend] [io-8080-exec-10] o.s.web.servlet.DispatcherServlet        : Completed 200 OK
2026-06-04T10:00:10.142+05:30 DEBUG 94548 --- [CIVWBMS Backend] [nio-8080-exec-1] o.s.web.servlet.DispatcherServlet        : Completed 200 OK
2026-06-04T10:00:10.142+05:30 DEBUG 94548 --- [CIVWBMS Backend] [nio-8080-exec-5] o.s.jdbc.core.JdbcTemplate               : Executing prepared SQL query
2026-06-04T10:00:10.143+05:30 DEBUG 94548 --- [CIVWBMS Backend] [nio-8080-exec-5] o.s.jdbc.core.JdbcTemplate               : Executing prepared SQL statement [SELECT COUNT(*) FROM scholarships WHERE employee_id=?]
2026-06-04T10:00:10.145+05:30 DEBUG 94548 --- [CIVWBMS Backend] [nio-8080-exec-5] o.s.jdbc.core.JdbcTemplate               : Executing prepared SQL query
2026-06-04T10:00:10.145+05:30 DEBUG 94548 --- [CIVWBMS Backend] [nio-8080-exec-5] o.s.jdbc.core.JdbcTemplate               : Executing prepared SQL statement [SELECT COUNT(*) FROM notifications WHERE recipient_role='EMPLOYEE' AND recipient_id=? AND is_read=0]
2026-06-04T10:00:10.146+05:30 DEBUG 94548 --- [CIVWBMS Backend] [nio-8080-exec-5] o.s.jdbc.core.JdbcTemplate               : Executing prepared SQL query
2026-06-04T10:00:10.147+05:30 DEBUG 94548 --- [CIVWBMS Backend] [nio-8080-exec-5] o.s.jdbc.core.JdbcTemplate               : Executing prepared SQL statement [SELECT coal_quality label, SUM(available_quantity) value FROM coal_inventory WHERE subsidiary_id=? GROUP BY coal_quality]
2026-06-04T10:00:10.149+05:30 DEBUG 94548 --- [CIVWBMS Backend] [nio-8080-exec-5] o.s.jdbc.core.JdbcTemplate               : Executing prepared SQL query
2026-06-04T10:00:10.149+05:30 DEBUG 94548 --- [CIVWBMS Backend] [nio-8080-exec-5] o.s.jdbc.core.JdbcTemplate               : Executing prepared SQL statement [SELECT status label, COUNT(*) value FROM coal_orders WHERE subsidiary_id=? GROUP BY status]
2026-06-04T10:00:10.151+05:30 DEBUG 94548 --- [CIVWBMS Backend] [nio-8080-exec-5] o.s.jdbc.core.JdbcTemplate               : Executing prepared SQL query
2026-06-04T10:00:10.151+05:30 DEBUG 94548 --- [CIVWBMS Backend] [nio-8080-exec-5] o.s.jdbc.core.JdbcTemplate               : Executing prepared SQL statement [SELECT DATE_FORMAT(created_at,'%Y-%m') label, COUNT(*) value FROM coal_orders WHERE subsidiary_id=? GROUP BY DATE_FORMAT(created_at,'%Y-%m') ORDER BY label]
2026-06-04T10:00:10.152+05:30 DEBUG 94548 --- [CIVWBMS Backend] [nio-8080-exec-5] m.m.a.RequestResponseBodyMethodProcessor : Using 'application/json', given [application/json, text/plain, */*] and supported [application/json, application/*+json]
2026-06-04T10:00:10.153+05:30 DEBUG 94548 --- [CIVWBMS Backend] [nio-8080-exec-5] m.m.a.RequestResponseBodyMethodProcessor : Writing [{attendance=1, leaves=1, scholarships=0, notifications=1, charts={quality=[{label=Premium, value=201 (truncated)...]
2026-06-04T10:00:10.154+05:30 DEBUG 94548 --- [CIVWBMS Backend] [nio-8080-exec-5] o.s.web.servlet.DispatcherServlet        : Completed 200 OK
2026-06-04T10:00:18.771+05:30 DEBUG 94548 --- [CIVWBMS Backend] [nio-8080-exec-6] o.s.web.servlet.DispatcherServlet        : GET "/api/subsidiaries", parameters={}
2026-06-04T10:00:18.772+05:30 DEBUG 94548 --- [CIVWBMS Backend] [nio-8080-exec-6] s.w.s.m.m.a.RequestMappingHandlerMapping : Mapped to com.civwbms.controller.ApiController#subsidiaries()
2026-06-04T10:00:18.772+05:30 DEBUG 94548 --- [CIVWBMS Backend] [nio-8080-exec-6] o.s.jdbc.core.JdbcTemplate               : Executing SQL query [SELECT * FROM subsidiaries ORDER BY name]
2026-06-04T10:00:18.776+05:30 DEBUG 94548 --- [CIVWBMS Backend] [nio-8080-exec-6] m.m.a.RequestResponseBodyMethodProcessor : Using 'application/json', given [application/json, text/plain, */*] and supported [application/json, application/*+json]
2026-06-04T10:00:18.777+05:30 DEBUG 94548 --- [CIVWBMS Backend] [nio-8080-exec-6] m.m.a.RequestResponseBodyMethodProcessor : Writing [[{id=2, code=BCCL, name=Bharat Coking Coal Limited}, {id=3, code=CCL, name=Central Coalfields Limite (truncated)...]
2026-06-04T10:00:18.779+05:30 DEBUG 94548 --- [CIVWBMS Backend] [nio-8080-exec-6] o.s.web.servlet.DispatcherServlet        : Completed 200 OK
2026-06-04T10:00:33.273+05:30 DEBUG 94548 --- [CIVWBMS Backend] [nio-8080-exec-3] o.s.web.servlet.DispatcherServlet        : POST "/api/auth/login", parameters={}
2026-06-04T10:00:33.274+05:30 DEBUG 94548 --- [CIVWBMS Backend] [nio-8080-exec-3] s.w.s.m.m.a.RequestMappingHandlerMapping : Mapped to com.civwbms.controller.AuthController#login(AuthRequest)
2026-06-04T10:00:33.276+05:30 DEBUG 94548 --- [CIVWBMS Backend] [nio-8080-exec-3] m.m.a.RequestResponseBodyMethodProcessor : Read "application/json;charset=UTF-8" to [AuthRequest[role=HQ, identifier=HQ001, password=Password@123, subsidiaryId=1, profile={subsidiaryId= (truncated)...]
2026-06-04T10:00:33.277+05:30 DEBUG 94548 --- [CIVWBMS Backend] [nio-8080-exec-3] o.s.jdbc.core.JdbcTemplate               : Executing prepared SQL query
2026-06-04T10:00:33.277+05:30 DEBUG 94548 --- [CIVWBMS Backend] [nio-8080-exec-3] o.s.jdbc.core.JdbcTemplate               : Executing prepared SQL statement [SELECT id, hq_code identifier, name name, password_hash, subsidiary_id FROM headquarters WHERE hq_code=? AND subsidiary_id=1]
2026-06-04T10:00:33.281+05:30  WARN 94548 --- [CIVWBMS Backend] [nio-8080-exec-3] o.s.s.c.bcrypt.BCryptPasswordEncoder     : Encoded password does not look like BCrypt
2026-06-04T10:00:33.405+05:30 DEBUG 94548 --- [CIVWBMS Backend] [nio-8080-exec-3] o.s.jdbc.core.JdbcTemplate               : Executing prepared SQL update
2026-06-04T10:00:33.406+05:30 DEBUG 94548 --- [CIVWBMS Backend] [nio-8080-exec-3] o.s.jdbc.core.JdbcTemplate               : Executing prepared SQL statement [UPDATE headquarters SET password_hash=? WHERE id=?]
2026-06-04T10:00:33.416+05:30 DEBUG 94548 --- [CIVWBMS Backend] [nio-8080-exec-3] o.s.w.s.m.m.a.HttpEntityMethodProcessor  : Using 'application/json', given [application/json, text/plain, */*] and supported [application/json, application/*+json]
2026-06-04T10:00:33.417+05:30 DEBUG 94548 --- [CIVWBMS Backend] [nio-8080-exec-3] o.s.w.s.m.m.a.HttpEntityMethodProcessor  : Writing [{user={role=HQ, id=1, identifier=HQ001, name=HQ User 1, subsidiaryId=1}, token=eyJhbGciOiJIUzUxMiJ9. (truncated)...]
2026-06-04T10:00:33.418+05:30 DEBUG 94548 --- [CIVWBMS Backend] [nio-8080-exec-3] o.s.web.servlet.DispatcherServlet        : Completed 200 OK
2026-06-04T10:00:33.464+05:30 DEBUG 94548 --- [CIVWBMS Backend] [nio-8080-exec-8] o.s.web.servlet.DispatcherServlet        : GET "/api/dashboard", parameters={}
2026-06-04T10:00:33.465+05:30 DEBUG 94548 --- [CIVWBMS Backend] [nio-8080-exec-8] s.w.s.m.m.a.RequestMappingHandlerMapping : Mapped to com.civwbms.controller.ApiController#dashboard(Authentication)
2026-06-04T10:00:33.465+05:30 DEBUG 94548 --- [CIVWBMS Backend] [nio-8080-exec-8] o.s.jdbc.core.JdbcTemplate               : Executing prepared SQL query
2026-06-04T10:00:33.466+05:30 DEBUG 94548 --- [CIVWBMS Backend] [nio-8080-exec-8] o.s.jdbc.core.JdbcTemplate               : Executing prepared SQL statement [SELECT COUNT(*) FROM attendance WHERE employee_id=?]
2026-06-04T10:00:33.468+05:30 DEBUG 94548 --- [CIVWBMS Backend] [nio-8080-exec-8] o.s.jdbc.core.JdbcTemplate               : Executing prepared SQL query
2026-06-04T10:00:33.469+05:30 DEBUG 94548 --- [CIVWBMS Backend] [nio-8080-exec-8] o.s.jdbc.core.JdbcTemplate               : Executing prepared SQL statement [SELECT COUNT(*) FROM leave_applications WHERE employee_id=?]
2026-06-04T10:00:33.471+05:30 DEBUG 94548 --- [CIVWBMS Backend] [nio-8080-exec-8] o.s.jdbc.core.JdbcTemplate               : Executing prepared SQL query
2026-06-04T10:00:33.472+05:30 DEBUG 94548 --- [CIVWBMS Backend] [nio-8080-exec-8] o.s.jdbc.core.JdbcTemplate               : Executing prepared SQL statement [SELECT COUNT(*) FROM scholarships WHERE employee_id=?]
2026-06-04T10:00:33.475+05:30 DEBUG 94548 --- [CIVWBMS Backend] [nio-8080-exec-8] o.s.jdbc.core.JdbcTemplate               : Executing prepared SQL query
2026-06-04T10:00:33.476+05:30 DEBUG 94548 --- [CIVWBMS Backend] [nio-8080-exec-8] o.s.jdbc.core.JdbcTemplate               : Executing prepared SQL statement [SELECT COUNT(*) FROM notifications WHERE recipient_role='EMPLOYEE' AND recipient_id=? AND is_read=0]
2026-06-04T10:00:33.478+05:30 DEBUG 94548 --- [CIVWBMS Backend] [nio-8080-exec-8] o.s.jdbc.core.JdbcTemplate               : Executing prepared SQL query
2026-06-04T10:00:33.479+05:30 DEBUG 94548 --- [CIVWBMS Backend] [nio-8080-exec-8] o.s.jdbc.core.JdbcTemplate               : Executing prepared SQL statement [SELECT coal_quality label, SUM(available_quantity) value FROM coal_inventory WHERE subsidiary_id=? GROUP BY coal_quality]
2026-06-04T10:00:33.481+05:30 DEBUG 94548 --- [CIVWBMS Backend] [nio-8080-exec-8] o.s.jdbc.core.JdbcTemplate               : Executing prepared SQL query
2026-06-04T10:00:33.481+05:30 DEBUG 94548 --- [CIVWBMS Backend] [nio-8080-exec-8] o.s.jdbc.core.JdbcTemplate               : Executing prepared SQL statement [SELECT status label, COUNT(*) value FROM coal_orders WHERE subsidiary_id=? GROUP BY status]
2026-06-04T10:00:33.482+05:30 DEBUG 94548 --- [CIVWBMS Backend] [nio-8080-exec-8] o.s.jdbc.core.JdbcTemplate               : Executing prepared SQL query
2026-06-04T10:00:33.484+05:30 DEBUG 94548 --- [CIVWBMS Backend] [nio-8080-exec-8] o.s.jdbc.core.JdbcTemplate               : Executing prepared SQL statement [SELECT DATE_FORMAT(created_at,'%Y-%m') label, COUNT(*) value FROM coal_orders WHERE subsidiary_id=? GROUP BY DATE_FORMAT(created_at,'%Y-%m') ORDER BY label]
2026-06-04T10:00:33.489+05:30 DEBUG 94548 --- [CIVWBMS Backend] [nio-8080-exec-8] m.m.a.RequestResponseBodyMethodProcessor : Using 'application/json', given [application/json, text/plain, */*] and supported [application/json, application/*+json]
2026-06-04T10:00:33.489+05:30 DEBUG 94548 --- [CIVWBMS Backend] [nio-8080-exec-8] m.m.a.RequestResponseBodyMethodProcessor : Writing [{attendance=1, leaves=1, scholarships=0, notifications=1, charts={quality=[{label=Premium, value=201 (truncated)...]
2026-06-04T10:00:33.491+05:30 DEBUG 94548 --- [CIVWBMS Backend] [nio-8080-exec-8] o.s.web.servlet.DispatcherServlet        : Completed 200 OK
2026-06-04T10:00:35.944+05:30 DEBUG 94548 --- [CIVWBMS Backend] [nio-8080-exec-1] o.s.web.servlet.DispatcherServlet        : GET "/api/dashboard", parameters={}
2026-06-04T10:00:35.945+05:30 DEBUG 94548 --- [CIVWBMS Backend] [nio-8080-exec-1] s.w.s.m.m.a.RequestMappingHandlerMapping : Mapped to com.civwbms.controller.ApiController#dashboard(Authentication)
2026-06-04T10:00:35.945+05:30 DEBUG 94548 --- [CIVWBMS Backend] [nio-8080-exec-1] o.s.jdbc.core.JdbcTemplate               : Executing prepared SQL query
2026-06-04T10:00:35.946+05:30 DEBUG 94548 --- [CIVWBMS Backend] [nio-8080-exec-1] o.s.jdbc.core.JdbcTemplate               : Executing prepared SQL statement [SELECT COUNT(*) FROM employees]
2026-06-04T10:00:35.948+05:30 DEBUG 94548 --- [CIVWBMS Backend] [nio-8080-exec-1] o.s.jdbc.core.JdbcTemplate               : Executing prepared SQL query
2026-06-04T10:00:35.948+05:30 DEBUG 94548 --- [CIVWBMS Backend] [nio-8080-exec-1] o.s.jdbc.core.JdbcTemplate               : Executing prepared SQL statement [SELECT COUNT(*) FROM attendance a JOIN employees e ON e.id=a.employee_id WHERE a.status='Approved']
2026-06-04T10:00:35.950+05:30 DEBUG 94548 --- [CIVWBMS Backend] [nio-8080-exec-1] o.s.jdbc.core.JdbcTemplate               : Executing prepared SQL query
2026-06-04T10:00:35.951+05:30 DEBUG 94548 --- [CIVWBMS Backend] [nio-8080-exec-1] o.s.jdbc.core.JdbcTemplate               : Executing prepared SQL statement [SELECT COUNT(*) FROM leave_applications l JOIN employees e ON e.id=l.employee_id WHERE l.status='Approved']
2026-06-04T10:00:35.952+05:30 DEBUG 94548 --- [CIVWBMS Backend] [nio-8080-exec-1] o.s.jdbc.core.JdbcTemplate               : Executing prepared SQL query
2026-06-04T10:00:35.952+05:30 DEBUG 94548 --- [CIVWBMS Backend] [nio-8080-exec-1] o.s.jdbc.core.JdbcTemplate               : Executing prepared SQL statement [SELECT COALESCE(SUM(available_quantity),0) FROM coal_inventory]
2026-06-04T10:00:35.952+05:30 DEBUG 94548 --- [CIVWBMS Backend] [nio-8080-exec-9] o.s.web.servlet.DispatcherServlet        : GET "/api/inventory", parameters={}
2026-06-04T10:00:35.954+05:30 DEBUG 94548 --- [CIVWBMS Backend] [nio-8080-exec-5] o.s.web.servlet.DispatcherServlet        : GET "/api/subsidiaries", parameters={}
2026-06-04T10:00:35.954+05:30 DEBUG 94548 --- [CIVWBMS Backend] [nio-8080-exec-1] o.s.jdbc.core.JdbcTemplate               : Executing prepared SQL query
2026-06-04T10:00:35.954+05:30 DEBUG 94548 --- [CIVWBMS Backend] [nio-8080-exec-9] s.w.s.m.m.a.RequestMappingHandlerMapping : Mapped to com.civwbms.controller.ApiController#list(String, Authentication)
2026-06-04T10:00:35.954+05:30 DEBUG 94548 --- [CIVWBMS Backend] [nio-8080-exec-5] s.w.s.m.m.a.RequestMappingHandlerMapping : Mapped to com.civwbms.controller.ApiController#subsidiaries()
2026-06-04T10:00:35.954+05:30 DEBUG 94548 --- [CIVWBMS Backend] [nio-8080-exec-1] o.s.jdbc.core.JdbcTemplate               : Executing prepared SQL statement [SELECT COUNT(*) FROM coal_orders o]
2026-06-04T10:00:35.955+05:30 DEBUG 94548 --- [CIVWBMS Backend] [nio-8080-exec-9] o.s.jdbc.core.JdbcTemplate               : Executing SQL query [SELECT c.*, s.code subsidiary_code, s.name subsidiary_name FROM coal_inventory c JOIN subsidiaries s ON s.id=c.subsidiary_id ORDER BY c.updated_at DESC]
2026-06-04T10:00:35.955+05:30 DEBUG 94548 --- [CIVWBMS Backend] [nio-8080-exec-5] o.s.jdbc.core.JdbcTemplate               : Executing SQL query [SELECT * FROM subsidiaries ORDER BY name]
2026-06-04T10:00:35.956+05:30 DEBUG 94548 --- [CIVWBMS Backend] [nio-8080-exec-1] o.s.jdbc.core.JdbcTemplate               : Executing prepared SQL query
2026-06-04T10:00:35.956+05:30 DEBUG 94548 --- [CIVWBMS Backend] [nio-8080-exec-1] o.s.jdbc.core.JdbcTemplate               : Executing prepared SQL statement [SELECT COALESCE(SUM(total_amount),0) FROM coal_orders WHERE status IN ('Approved','Processing','Dispatched','Delivered')]
2026-06-04T10:00:35.957+05:30 DEBUG 94548 --- [CIVWBMS Backend] [nio-8080-exec-5] m.m.a.RequestResponseBodyMethodProcessor : Using 'application/json', given [application/json, text/plain, */*] and supported [application/json, application/*+json]
2026-06-04T10:00:35.957+05:30 DEBUG 94548 --- [CIVWBMS Backend] [nio-8080-exec-5] m.m.a.RequestResponseBodyMethodProcessor : Writing [[{id=2, code=BCCL, name=Bharat Coking Coal Limited}, {id=3, code=CCL, name=Central Coalfields Limite (truncated)...]
2026-06-04T10:00:35.957+05:30 DEBUG 94548 --- [CIVWBMS Backend] [nio-8080-exec-1] o.s.jdbc.core.JdbcTemplate               : Executing prepared SQL query
2026-06-04T10:00:35.958+05:30 DEBUG 94548 --- [CIVWBMS Backend] [nio-8080-exec-1] o.s.jdbc.core.JdbcTemplate               : Executing prepared SQL statement [SELECT coal_quality label, SUM(available_quantity) value FROM coal_inventory GROUP BY coal_quality]
2026-06-04T10:00:35.958+05:30 DEBUG 94548 --- [CIVWBMS Backend] [nio-8080-exec-5] o.s.web.servlet.DispatcherServlet        : Completed 200 OK
2026-06-04T10:00:35.959+05:30 DEBUG 94548 --- [CIVWBMS Backend] [nio-8080-exec-1] o.s.jdbc.core.JdbcTemplate               : Executing prepared SQL query
2026-06-04T10:00:35.959+05:30 DEBUG 94548 --- [CIVWBMS Backend] [nio-8080-exec-1] o.s.jdbc.core.JdbcTemplate               : Executing prepared SQL statement [SELECT status label, COUNT(*) value FROM coal_orders GROUP BY status]
2026-06-04T10:00:35.959+05:30 DEBUG 94548 --- [CIVWBMS Backend] [nio-8080-exec-9] m.m.a.RequestResponseBodyMethodProcessor : Using 'application/json', given [application/json, text/plain, */*] and supported [application/json, application/*+json]
2026-06-04T10:00:35.961+05:30 DEBUG 94548 --- [CIVWBMS Backend] [nio-8080-exec-1] o.s.jdbc.core.JdbcTemplate               : Executing prepared SQL query
2026-06-04T10:00:35.961+05:30 DEBUG 94548 --- [CIVWBMS Backend] [nio-8080-exec-1] o.s.jdbc.core.JdbcTemplate               : Executing prepared SQL statement [SELECT DATE_FORMAT(created_at,'%Y-%m') label, COUNT(*) value FROM coal_orders GROUP BY DATE_FORMAT(created_at,'%Y-%m') ORDER BY label]
2026-06-04T10:00:35.962+05:30 DEBUG 94548 --- [CIVWBMS Backend] [nio-8080-exec-9] m.m.a.RequestResponseBodyMethodProcessor : Writing [[{id=1, subsidiary_id=1, area=Area 1, colliery=Colliery 1, coal_grade=G1, coal_quality=Premium, avai (truncated)...]
2026-06-04T10:00:35.963+05:30 DEBUG 94548 --- [CIVWBMS Backend] [nio-8080-exec-1] m.m.a.RequestResponseBodyMethodProcessor : Using 'application/json', given [application/json, text/plain, */*] and supported [application/json, application/*+json]
2026-06-04T10:00:35.963+05:30 DEBUG 94548 --- [CIVWBMS Backend] [nio-8080-exec-9] o.s.web.servlet.DispatcherServlet        : Completed 200 OK
2026-06-04T10:00:35.963+05:30 DEBUG 94548 --- [CIVWBMS Backend] [nio-8080-exec-1] m.m.a.RequestResponseBodyMethodProcessor : Writing [{employees=100, attendance=20, leaves=14, inventoryTonnes=145625.00, orders=50, revenue=4809560.00,  (truncated)...]
2026-06-04T10:00:35.964+05:30 DEBUG 94548 --- [CIVWBMS Backend] [nio-8080-exec-1] o.s.web.servlet.DispatcherServlet        : Completed 200 OK
2026-06-04T10:00:36.451+05:30 DEBUG 94548 --- [CIVWBMS Backend] [nio-8080-exec-2] o.s.web.servlet.DispatcherServlet        : GET "/api/subsidiaries", parameters={}
2026-06-04T10:00:36.451+05:30 DEBUG 94548 --- [CIVWBMS Backend] [nio-8080-exec-3] o.s.web.servlet.DispatcherServlet        : GET "/api/dashboard", parameters={}
2026-06-04T10:00:36.452+05:30 DEBUG 94548 --- [CIVWBMS Backend] [nio-8080-exec-2] s.w.s.m.m.a.RequestMappingHandlerMapping : Mapped to com.civwbms.controller.ApiController#subsidiaries()
2026-06-04T10:00:36.452+05:30 DEBUG 94548 --- [CIVWBMS Backend] [nio-8080-exec-3] s.w.s.m.m.a.RequestMappingHandlerMapping : Mapped to com.civwbms.controller.ApiController#dashboard(Authentication)
2026-06-04T10:00:36.452+05:30 DEBUG 94548 --- [CIVWBMS Backend] [nio-8080-exec-2] o.s.jdbc.core.JdbcTemplate               : Executing SQL query [SELECT * FROM subsidiaries ORDER BY name]
2026-06-04T10:00:36.452+05:30 DEBUG 94548 --- [CIVWBMS Backend] [nio-8080-exec-3] o.s.jdbc.core.JdbcTemplate               : Executing prepared SQL query
2026-06-04T10:00:36.453+05:30 DEBUG 94548 --- [CIVWBMS Backend] [nio-8080-exec-3] o.s.jdbc.core.JdbcTemplate               : Executing prepared SQL statement [SELECT COUNT(*) FROM employees]
2026-06-04T10:00:36.453+05:30 DEBUG 94548 --- [CIVWBMS Backend] [nio-8080-exec-4] o.s.web.servlet.DispatcherServlet        : GET "/api/pension", parameters={}
2026-06-04T10:00:36.454+05:30 DEBUG 94548 --- [CIVWBMS Backend] [nio-8080-exec-4] s.w.s.m.m.a.RequestMappingHandlerMapping : Mapped to com.civwbms.controller.ApiController#list(String, Authentication)
2026-06-04T10:00:36.454+05:30 DEBUG 94548 --- [CIVWBMS Backend] [nio-8080-exec-3] o.s.jdbc.core.JdbcTemplate               : Executing prepared SQL query
2026-06-04T10:00:36.454+05:30 DEBUG 94548 --- [CIVWBMS Backend] [nio-8080-exec-2] m.m.a.RequestResponseBodyMethodProcessor : Using 'application/json', given [application/json, text/plain, */*] and supported [application/json, application/*+json]
2026-06-04T10:00:36.454+05:30 DEBUG 94548 --- [CIVWBMS Backend] [nio-8080-exec-4] o.s.jdbc.core.JdbcTemplate               : Executing prepared SQL query
2026-06-04T10:00:36.454+05:30 DEBUG 94548 --- [CIVWBMS Backend] [nio-8080-exec-3] o.s.jdbc.core.JdbcTemplate               : Executing prepared SQL statement [SELECT COUNT(*) FROM attendance a JOIN employees e ON e.id=a.employee_id WHERE a.status='Approved']
2026-06-04T10:00:36.456+05:30 DEBUG 94548 --- [CIVWBMS Backend] [nio-8080-exec-2] m.m.a.RequestResponseBodyMethodProcessor : Writing [[{id=2, code=BCCL, name=Bharat Coking Coal Limited}, {id=3, code=CCL, name=Central Coalfields Limite (truncated)...]
2026-06-04T10:00:36.456+05:30 DEBUG 94548 --- [CIVWBMS Backend] [nio-8080-exec-4] o.s.jdbc.core.JdbcTemplate               : Executing prepared SQL statement [SELECT p.*, e.full_name, e.employee_code FROM pensions p JOIN employees e ON e.id=p.employee_id WHERE e.subsidiary_id=? ORDER BY p.created_at DESC]
2026-06-04T10:00:36.457+05:30 DEBUG 94548 --- [CIVWBMS Backend] [nio-8080-exec-3] o.s.jdbc.core.JdbcTemplate               : Executing prepared SQL query
2026-06-04T10:00:36.457+05:30 DEBUG 94548 --- [CIVWBMS Backend] [nio-8080-exec-2] o.s.web.servlet.DispatcherServlet        : Completed 200 OK
2026-06-04T10:00:36.457+05:30 DEBUG 94548 --- [CIVWBMS Backend] [nio-8080-exec-3] o.s.jdbc.core.JdbcTemplate               : Executing prepared SQL statement [SELECT COUNT(*) FROM leave_applications l JOIN employees e ON e.id=l.employee_id WHERE l.status='Approved']
2026-06-04T10:00:36.458+05:30 DEBUG 94548 --- [CIVWBMS Backend] [nio-8080-exec-4] m.m.a.RequestResponseBodyMethodProcessor : Using 'application/json', given [application/json, text/plain, */*] and supported [application/json, application/*+json]
2026-06-04T10:00:36.458+05:30 DEBUG 94548 --- [CIVWBMS Backend] [nio-8080-exec-4] m.m.a.RequestResponseBodyMethodProcessor : Writing [[]]
2026-06-04T10:00:36.458+05:30 DEBUG 94548 --- [CIVWBMS Backend] [nio-8080-exec-3] o.s.jdbc.core.JdbcTemplate               : Executing prepared SQL query
2026-06-04T10:00:36.459+05:30 DEBUG 94548 --- [CIVWBMS Backend] [nio-8080-exec-3] o.s.jdbc.core.JdbcTemplate               : Executing prepared SQL statement [SELECT COALESCE(SUM(available_quantity),0) FROM coal_inventory]
2026-06-04T10:00:36.459+05:30 DEBUG 94548 --- [CIVWBMS Backend] [nio-8080-exec-4] o.s.web.servlet.DispatcherServlet        : Completed 200 OK
2026-06-04T10:00:36.460+05:30 DEBUG 94548 --- [CIVWBMS Backend] [nio-8080-exec-3] o.s.jdbc.core.JdbcTemplate               : Executing prepared SQL query
2026-06-04T10:00:36.460+05:30 DEBUG 94548 --- [CIVWBMS Backend] [nio-8080-exec-3] o.s.jdbc.core.JdbcTemplate               : Executing prepared SQL statement [SELECT COUNT(*) FROM coal_orders o]
2026-06-04T10:00:36.461+05:30 DEBUG 94548 --- [CIVWBMS Backend] [nio-8080-exec-3] o.s.jdbc.core.JdbcTemplate               : Executing prepared SQL query
2026-06-04T10:00:36.462+05:30 DEBUG 94548 --- [CIVWBMS Backend] [nio-8080-exec-3] o.s.jdbc.core.JdbcTemplate               : Executing prepared SQL statement [SELECT COALESCE(SUM(total_amount),0) FROM coal_orders WHERE status IN ('Approved','Processing','Dispatched','Delivered')]
2026-06-04T10:00:36.462+05:30 DEBUG 94548 --- [CIVWBMS Backend] [nio-8080-exec-3] o.s.jdbc.core.JdbcTemplate               : Executing prepared SQL query
2026-06-04T10:00:36.464+05:30 DEBUG 94548 --- [CIVWBMS Backend] [nio-8080-exec-3] o.s.jdbc.core.JdbcTemplate               : Executing prepared SQL statement [SELECT coal_quality label, SUM(available_quantity) value FROM coal_inventory GROUP BY coal_quality]
2026-06-04T10:00:36.465+05:30 DEBUG 94548 --- [CIVWBMS Backend] [nio-8080-exec-3] o.s.jdbc.core.JdbcTemplate               : Executing prepared SQL query
2026-06-04T10:00:36.465+05:30 DEBUG 94548 --- [CIVWBMS Backend] [nio-8080-exec-3] o.s.jdbc.core.JdbcTemplate               : Executing prepared SQL statement [SELECT status label, COUNT(*) value FROM coal_orders GROUP BY status]
2026-06-04T10:00:36.465+05:30 DEBUG 94548 --- [CIVWBMS Backend] [nio-8080-exec-3] o.s.jdbc.core.JdbcTemplate               : Executing prepared SQL query
2026-06-04T10:00:36.466+05:30 DEBUG 94548 --- [CIVWBMS Backend] [nio-8080-exec-3] o.s.jdbc.core.JdbcTemplate               : Executing prepared SQL statement [SELECT DATE_FORMAT(created_at,'%Y-%m') label, COUNT(*) value FROM coal_orders GROUP BY DATE_FORMAT(created_at,'%Y-%m') ORDER BY label]
2026-06-04T10:00:36.468+05:30 DEBUG 94548 --- [CIVWBMS Backend] [nio-8080-exec-3] m.m.a.RequestResponseBodyMethodProcessor : Using 'application/json', given [application/json, text/plain, */*] and supported [application/json, application/*+json]
2026-06-04T10:00:36.468+05:30 DEBUG 94548 --- [CIVWBMS Backend] [nio-8080-exec-3] m.m.a.RequestResponseBodyMethodProcessor : Writing [{employees=100, attendance=20, leaves=14, inventoryTonnes=145625.00, orders=50, revenue=4809560.00,  (truncated)...]
2026-06-04T10:00:36.471+05:30 DEBUG 94548 --- [CIVWBMS Backend] [nio-8080-exec-3] o.s.web.servlet.DispatcherServlet        : Completed 200 OK
2026-06-04T10:00:37.806+05:30 DEBUG 94548 --- [CIVWBMS Backend] [io-8080-exec-10] o.s.web.servlet.DispatcherServlet        : GET "/api/subsidiaries", parameters={}
2026-06-04T10:00:37.807+05:30 DEBUG 94548 --- [CIVWBMS Backend] [io-8080-exec-10] s.w.s.m.m.a.RequestMappingHandlerMapping : Mapped to com.civwbms.controller.ApiController#subsidiaries()
2026-06-04T10:00:37.807+05:30 DEBUG 94548 --- [CIVWBMS Backend] [nio-8080-exec-5] o.s.web.servlet.DispatcherServlet        : GET "/api/dashboard", parameters={}
2026-06-04T10:00:37.808+05:30 DEBUG 94548 --- [CIVWBMS Backend] [io-8080-exec-10] o.s.jdbc.core.JdbcTemplate               : Executing SQL query [SELECT * FROM subsidiaries ORDER BY name]
2026-06-04T10:00:37.808+05:30 DEBUG 94548 --- [CIVWBMS Backend] [nio-8080-exec-5] s.w.s.m.m.a.RequestMappingHandlerMapping : Mapped to com.civwbms.controller.ApiController#dashboard(Authentication)
2026-06-04T10:00:37.809+05:30 DEBUG 94548 --- [CIVWBMS Backend] [nio-8080-exec-5] o.s.jdbc.core.JdbcTemplate               : Executing prepared SQL query
2026-06-04T10:00:37.809+05:30 DEBUG 94548 --- [CIVWBMS Backend] [nio-8080-exec-5] o.s.jdbc.core.JdbcTemplate               : Executing prepared SQL statement [SELECT COUNT(*) FROM employees]
2026-06-04T10:00:37.810+05:30 DEBUG 94548 --- [CIVWBMS Backend] [io-8080-exec-10] m.m.a.RequestResponseBodyMethodProcessor : Using 'application/json', given [application/json, text/plain, */*] and supported [application/json, application/*+json]
2026-06-04T10:00:37.811+05:30 DEBUG 94548 --- [CIVWBMS Backend] [nio-8080-exec-5] o.s.jdbc.core.JdbcTemplate               : Executing prepared SQL query
2026-06-04T10:00:37.811+05:30 DEBUG 94548 --- [CIVWBMS Backend] [nio-8080-exec-5] o.s.jdbc.core.JdbcTemplate               : Executing prepared SQL statement [SELECT COUNT(*) FROM attendance a JOIN employees e ON e.id=a.employee_id WHERE a.status='Approved']
2026-06-04T10:00:37.811+05:30 DEBUG 94548 --- [CIVWBMS Backend] [io-8080-exec-10] m.m.a.RequestResponseBodyMethodProcessor : Writing [[{id=2, code=BCCL, name=Bharat Coking Coal Limited}, {id=3, code=CCL, name=Central Coalfields Limite (truncated)...]
2026-06-04T10:00:37.813+05:30 DEBUG 94548 --- [CIVWBMS Backend] [io-8080-exec-10] o.s.web.servlet.DispatcherServlet        : Completed 200 OK
2026-06-04T10:00:37.813+05:30 DEBUG 94548 --- [CIVWBMS Backend] [nio-8080-exec-5] o.s.jdbc.core.JdbcTemplate               : Executing prepared SQL query
2026-06-04T10:00:37.814+05:30 DEBUG 94548 --- [CIVWBMS Backend] [nio-8080-exec-5] o.s.jdbc.core.JdbcTemplate               : Executing prepared SQL statement [SELECT COUNT(*) FROM leave_applications l JOIN employees e ON e.id=l.employee_id WHERE l.status='Approved']
2026-06-04T10:00:37.815+05:30 DEBUG 94548 --- [CIVWBMS Backend] [nio-8080-exec-9] o.s.web.servlet.DispatcherServlet        : GET "/api/buscard", parameters={}
2026-06-04T10:00:37.816+05:30 DEBUG 94548 --- [CIVWBMS Backend] [nio-8080-exec-9] s.w.s.m.m.a.RequestMappingHandlerMapping : Mapped to com.civwbms.controller.ApiController#list(String, Authentication)
2026-06-04T10:00:37.816+05:30 DEBUG 94548 --- [CIVWBMS Backend] [nio-8080-exec-5] o.s.jdbc.core.JdbcTemplate               : Executing prepared SQL query
2026-06-04T10:00:37.816+05:30 DEBUG 94548 --- [CIVWBMS Backend] [nio-8080-exec-5] o.s.jdbc.core.JdbcTemplate               : Executing prepared SQL statement [SELECT COALESCE(SUM(available_quantity),0) FROM coal_inventory]
2026-06-04T10:00:37.816+05:30 DEBUG 94548 --- [CIVWBMS Backend] [nio-8080-exec-9] o.s.jdbc.core.JdbcTemplate               : Executing prepared SQL query
2026-06-04T10:00:37.819+05:30 DEBUG 94548 --- [CIVWBMS Backend] [nio-8080-exec-9] o.s.jdbc.core.JdbcTemplate               : Executing prepared SQL statement [SELECT b.*, e.full_name, e.employee_code FROM bus_cards b JOIN employees e ON e.id=b.employee_id WHERE e.subsidiary_id=? ORDER BY b.created_at DESC]
2026-06-04T10:00:37.819+05:30 DEBUG 94548 --- [CIVWBMS Backend] [nio-8080-exec-5] o.s.jdbc.core.JdbcTemplate               : Executing prepared SQL query
2026-06-04T10:00:37.820+05:30 DEBUG 94548 --- [CIVWBMS Backend] [nio-8080-exec-5] o.s.jdbc.core.JdbcTemplate               : Executing prepared SQL statement [SELECT COUNT(*) FROM coal_orders o]
2026-06-04T10:00:37.822+05:30 DEBUG 94548 --- [CIVWBMS Backend] [nio-8080-exec-5] o.s.jdbc.core.JdbcTemplate               : Executing prepared SQL query
2026-06-04T10:00:37.823+05:30 DEBUG 94548 --- [CIVWBMS Backend] [nio-8080-exec-9] m.m.a.RequestResponseBodyMethodProcessor : Using 'application/json', given [application/json, text/plain, */*] and supported [application/json, application/*+json]
2026-06-04T10:00:37.823+05:30 DEBUG 94548 --- [CIVWBMS Backend] [nio-8080-exec-5] o.s.jdbc.core.JdbcTemplate               : Executing prepared SQL statement [SELECT COALESCE(SUM(total_amount),0) FROM coal_orders WHERE status IN ('Approved','Processing','Dispatched','Delivered')]
2026-06-04T10:00:37.824+05:30 DEBUG 94548 --- [CIVWBMS Backend] [nio-8080-exec-9] m.m.a.RequestResponseBodyMethodProcessor : Writing [[]]
2026-06-04T10:00:37.825+05:30 DEBUG 94548 --- [CIVWBMS Backend] [nio-8080-exec-5] o.s.jdbc.core.JdbcTemplate               : Executing prepared SQL query
2026-06-04T10:00:37.826+05:30 DEBUG 94548 --- [CIVWBMS Backend] [nio-8080-exec-9] o.s.web.servlet.DispatcherServlet        : Completed 200 OK
2026-06-04T10:00:37.826+05:30 DEBUG 94548 --- [CIVWBMS Backend] [nio-8080-exec-5] o.s.jdbc.core.JdbcTemplate               : Executing prepared SQL statement [SELECT coal_quality label, SUM(available_quantity) value FROM coal_inventory GROUP BY coal_quality]
2026-06-04T10:00:37.827+05:30 DEBUG 94548 --- [CIVWBMS Backend] [nio-8080-exec-5] o.s.jdbc.core.JdbcTemplate               : Executing prepared SQL query
2026-06-04T10:00:37.828+05:30 DEBUG 94548 --- [CIVWBMS Backend] [nio-8080-exec-5] o.s.jdbc.core.JdbcTemplate               : Executing prepared SQL statement [SELECT status label, COUNT(*) value FROM coal_orders GROUP BY status]
2026-06-04T10:00:37.829+05:30 DEBUG 94548 --- [CIVWBMS Backend] [nio-8080-exec-5] o.s.jdbc.core.JdbcTemplate               : Executing prepared SQL query
2026-06-04T10:00:37.830+05:30 DEBUG 94548 --- [CIVWBMS Backend] [nio-8080-exec-5] o.s.jdbc.core.JdbcTemplate               : Executing prepared SQL statement [SELECT DATE_FORMAT(created_at,'%Y-%m') label, COUNT(*) value FROM coal_orders GROUP BY DATE_FORMAT(created_at,'%Y-%m') ORDER BY label]
2026-06-04T10:00:37.832+05:30 DEBUG 94548 --- [CIVWBMS Backend] [nio-8080-exec-5] m.m.a.RequestResponseBodyMethodProcessor : Using 'application/json', given [application/json, text/plain, */*] and supported [application/json, application/*+json]
2026-06-04T10:00:37.832+05:30 DEBUG 94548 --- [CIVWBMS Backend] [nio-8080-exec-5] m.m.a.RequestResponseBodyMethodProcessor : Writing [{employees=100, attendance=20, leaves=14, inventoryTonnes=145625.00, orders=50, revenue=4809560.00,  (truncated)...]
2026-06-04T10:00:37.834+05:30 DEBUG 94548 --- [CIVWBMS Backend] [nio-8080-exec-5] o.s.web.servlet.DispatcherServlet        : Completed 200 OK
2026-06-04T10:00:38.417+05:30 DEBUG 94548 --- [CIVWBMS Backend] [nio-8080-exec-6] o.s.web.servlet.DispatcherServlet        : GET "/api/subsidiaries", parameters={}
2026-06-04T10:00:38.417+05:30 DEBUG 94548 --- [CIVWBMS Backend] [nio-8080-exec-2] o.s.web.servlet.DispatcherServlet        : GET "/api/dashboard", parameters={}
2026-06-04T10:00:38.426+05:30 DEBUG 94548 --- [CIVWBMS Backend] [nio-8080-exec-6] s.w.s.m.m.a.RequestMappingHandlerMapping : Mapped to com.civwbms.controller.ApiController#subsidiaries()
2026-06-04T10:00:38.426+05:30 DEBUG 94548 --- [CIVWBMS Backend] [nio-8080-exec-2] s.w.s.m.m.a.RequestMappingHandlerMapping : Mapped to com.civwbms.controller.ApiController#dashboard(Authentication)
2026-06-04T10:00:38.426+05:30 DEBUG 94548 --- [CIVWBMS Backend] [nio-8080-exec-6] o.s.jdbc.core.JdbcTemplate               : Executing SQL query [SELECT * FROM subsidiaries ORDER BY name]
2026-06-04T10:00:38.426+05:30 DEBUG 94548 --- [CIVWBMS Backend] [nio-8080-exec-2] o.s.jdbc.core.JdbcTemplate               : Executing prepared SQL query
2026-06-04T10:00:38.427+05:30 DEBUG 94548 --- [CIVWBMS Backend] [nio-8080-exec-2] o.s.jdbc.core.JdbcTemplate               : Executing prepared SQL statement [SELECT COUNT(*) FROM employees]
2026-06-04T10:00:38.428+05:30 DEBUG 94548 --- [CIVWBMS Backend] [nio-8080-exec-4] o.s.web.servlet.DispatcherServlet        : GET "/api/scholarship", parameters={}
2026-06-04T10:00:38.428+05:30 DEBUG 94548 --- [CIVWBMS Backend] [nio-8080-exec-2] o.s.jdbc.core.JdbcTemplate               : Executing prepared SQL query
2026-06-04T10:00:38.428+05:30 DEBUG 94548 --- [CIVWBMS Backend] [nio-8080-exec-6] m.m.a.RequestResponseBodyMethodProcessor : Using 'application/json', given [application/json, text/plain, */*] and supported [application/json, application/*+json]
2026-06-04T10:00:38.428+05:30 DEBUG 94548 --- [CIVWBMS Backend] [nio-8080-exec-4] s.w.s.m.m.a.RequestMappingHandlerMapping : Mapped to com.civwbms.controller.ApiController#list(String, Authentication)
2026-06-04T10:00:38.428+05:30 DEBUG 94548 --- [CIVWBMS Backend] [nio-8080-exec-2] o.s.jdbc.core.JdbcTemplate               : Executing prepared SQL statement [SELECT COUNT(*) FROM attendance a JOIN employees e ON e.id=a.employee_id WHERE a.status='Approved']
2026-06-04T10:00:38.429+05:30 DEBUG 94548 --- [CIVWBMS Backend] [nio-8080-exec-6] m.m.a.RequestResponseBodyMethodProcessor : Writing [[{id=2, code=BCCL, name=Bharat Coking Coal Limited}, {id=3, code=CCL, name=Central Coalfields Limite (truncated)...]
2026-06-04T10:00:38.429+05:30 DEBUG 94548 --- [CIVWBMS Backend] [nio-8080-exec-4] o.s.jdbc.core.JdbcTemplate               : Executing prepared SQL query
2026-06-04T10:00:38.429+05:30 DEBUG 94548 --- [CIVWBMS Backend] [nio-8080-exec-4] o.s.jdbc.core.JdbcTemplate               : Executing prepared SQL statement [SELECT s.*, e.full_name, e.employee_code FROM scholarships s JOIN employees e ON e.id=s.employee_id WHERE e.subsidiary_id=? ORDER BY s.created_at DESC]
2026-06-04T10:00:38.431+05:30 DEBUG 94548 --- [CIVWBMS Backend] [nio-8080-exec-2] o.s.jdbc.core.JdbcTemplate               : Executing prepared SQL query
2026-06-04T10:00:38.431+05:30 DEBUG 94548 --- [CIVWBMS Backend] [nio-8080-exec-6] o.s.web.servlet.DispatcherServlet        : Completed 200 OK
2026-06-04T10:00:38.431+05:30 DEBUG 94548 --- [CIVWBMS Backend] [nio-8080-exec-2] o.s.jdbc.core.JdbcTemplate               : Executing prepared SQL statement [SELECT COUNT(*) FROM leave_applications l JOIN employees e ON e.id=l.employee_id WHERE l.status='Approved']
2026-06-04T10:00:38.432+05:30 DEBUG 94548 --- [CIVWBMS Backend] [nio-8080-exec-2] o.s.jdbc.core.JdbcTemplate               : Executing prepared SQL query
2026-06-04T10:00:38.432+05:30 DEBUG 94548 --- [CIVWBMS Backend] [nio-8080-exec-4] m.m.a.RequestResponseBodyMethodProcessor : Using 'application/json', given [application/json, text/plain, */*] and supported [application/json, application/*+json]
2026-06-04T10:00:38.432+05:30 DEBUG 94548 --- [CIVWBMS Backend] [nio-8080-exec-2] o.s.jdbc.core.JdbcTemplate               : Executing prepared SQL statement [SELECT COALESCE(SUM(available_quantity),0) FROM coal_inventory]
2026-06-04T10:00:38.433+05:30 DEBUG 94548 --- [CIVWBMS Backend] [nio-8080-exec-4] m.m.a.RequestResponseBodyMethodProcessor : Writing [[]]
2026-06-04T10:00:38.433+05:30 DEBUG 94548 --- [CIVWBMS Backend] [nio-8080-exec-2] o.s.jdbc.core.JdbcTemplate               : Executing prepared SQL query
2026-06-04T10:00:38.433+05:30 DEBUG 94548 --- [CIVWBMS Backend] [nio-8080-exec-2] o.s.jdbc.core.JdbcTemplate               : Executing prepared SQL statement [SELECT COUNT(*) FROM coal_orders o]
2026-06-04T10:00:38.435+05:30 DEBUG 94548 --- [CIVWBMS Backend] [nio-8080-exec-4] o.s.web.servlet.DispatcherServlet        : Completed 200 OK
2026-06-04T10:00:38.435+05:30 DEBUG 94548 --- [CIVWBMS Backend] [nio-8080-exec-2] o.s.jdbc.core.JdbcTemplate               : Executing prepared SQL query
2026-06-04T10:00:38.436+05:30 DEBUG 94548 --- [CIVWBMS Backend] [nio-8080-exec-2] o.s.jdbc.core.JdbcTemplate               : Executing prepared SQL statement [SELECT COALESCE(SUM(total_amount),0) FROM coal_orders WHERE status IN ('Approved','Processing','Dispatched','Delivered')]
2026-06-04T10:00:38.437+05:30 DEBUG 94548 --- [CIVWBMS Backend] [nio-8080-exec-2] o.s.jdbc.core.JdbcTemplate               : Executing prepared SQL query
2026-06-04T10:00:38.437+05:30 DEBUG 94548 --- [CIVWBMS Backend] [nio-8080-exec-2] o.s.jdbc.core.JdbcTemplate               : Executing prepared SQL statement [SELECT coal_quality label, SUM(available_quantity) value FROM coal_inventory GROUP BY coal_quality]
2026-06-04T10:00:38.438+05:30 DEBUG 94548 --- [CIVWBMS Backend] [nio-8080-exec-2] o.s.jdbc.core.JdbcTemplate               : Executing prepared SQL query
2026-06-04T10:00:38.438+05:30 DEBUG 94548 --- [CIVWBMS Backend] [nio-8080-exec-2] o.s.jdbc.core.JdbcTemplate               : Executing prepared SQL statement [SELECT status label, COUNT(*) value FROM coal_orders GROUP BY status]
2026-06-04T10:00:38.439+05:30 DEBUG 94548 --- [CIVWBMS Backend] [nio-8080-exec-2] o.s.jdbc.core.JdbcTemplate               : Executing prepared SQL query
2026-06-04T10:00:38.439+05:30 DEBUG 94548 --- [CIVWBMS Backend] [nio-8080-exec-2] o.s.jdbc.core.JdbcTemplate               : Executing prepared SQL statement [SELECT DATE_FORMAT(created_at,'%Y-%m') label, COUNT(*) value FROM coal_orders GROUP BY DATE_FORMAT(created_at,'%Y-%m') ORDER BY label]
2026-06-04T10:00:38.440+05:30 DEBUG 94548 --- [CIVWBMS Backend] [nio-8080-exec-2] m.m.a.RequestResponseBodyMethodProcessor : Using 'application/json', given [application/json, text/plain, */*] and supported [application/json, application/*+json]
2026-06-04T10:00:38.441+05:30 DEBUG 94548 --- [CIVWBMS Backend] [nio-8080-exec-2] m.m.a.RequestResponseBodyMethodProcessor : Writing [{employees=100, attendance=20, leaves=14, inventoryTonnes=145625.00, orders=50, revenue=4809560.00,  (truncated)...]
2026-06-04T10:00:38.443+05:30 DEBUG 94548 --- [CIVWBMS Backend] [nio-8080-exec-2] o.s.web.servlet.DispatcherServlet        : Completed 200 OK
2026-06-04T10:00:39.025+05:30 DEBUG 94548 --- [CIVWBMS Backend] [nio-8080-exec-7] o.s.web.servlet.DispatcherServlet        : GET "/api/subsidiaries", parameters={}
2026-06-04T10:00:39.026+05:30 DEBUG 94548 --- [CIVWBMS Backend] [nio-8080-exec-7] s.w.s.m.m.a.RequestMappingHandlerMapping : Mapped to com.civwbms.controller.ApiController#subsidiaries()
2026-06-04T10:00:39.027+05:30 DEBUG 94548 --- [CIVWBMS Backend] [nio-8080-exec-7] o.s.jdbc.core.JdbcTemplate               : Executing SQL query [SELECT * FROM subsidiaries ORDER BY name]
2026-06-04T10:00:39.029+05:30 DEBUG 94548 --- [CIVWBMS Backend] [nio-8080-exec-7] m.m.a.RequestResponseBodyMethodProcessor : Using 'application/json', given [application/json, text/plain, */*] and supported [application/json, application/*+json]
2026-06-04T10:00:39.029+05:30 DEBUG 94548 --- [CIVWBMS Backend] [nio-8080-exec-7] m.m.a.RequestResponseBodyMethodProcessor : Writing [[{id=2, code=BCCL, name=Bharat Coking Coal Limited}, {id=3, code=CCL, name=Central Coalfields Limite (truncated)...]
2026-06-04T10:00:39.030+05:30 DEBUG 94548 --- [CIVWBMS Backend] [nio-8080-exec-7] o.s.web.servlet.DispatcherServlet        : Completed 200 OK
2026-06-04T10:00:39.035+05:30 DEBUG 94548 --- [CIVWBMS Backend] [nio-8080-exec-7] o.s.web.servlet.DispatcherServlet        : GET "/api/leave", parameters={}
2026-06-04T10:00:39.035+05:30 DEBUG 94548 --- [CIVWBMS Backend] [nio-8080-exec-9] o.s.web.servlet.DispatcherServlet        : GET "/api/dashboard", parameters={}
2026-06-04T10:00:39.035+05:30 DEBUG 94548 --- [CIVWBMS Backend] [nio-8080-exec-7] s.w.s.m.m.a.RequestMappingHandlerMapping : Mapped to com.civwbms.controller.ApiController#list(String, Authentication)
2026-06-04T10:00:39.035+05:30 DEBUG 94548 --- [CIVWBMS Backend] [nio-8080-exec-9] s.w.s.m.m.a.RequestMappingHandlerMapping : Mapped to com.civwbms.controller.ApiController#dashboard(Authentication)
2026-06-04T10:00:39.036+05:30 DEBUG 94548 --- [CIVWBMS Backend] [nio-8080-exec-9] o.s.jdbc.core.JdbcTemplate               : Executing prepared SQL query
2026-06-04T10:00:39.036+05:30 DEBUG 94548 --- [CIVWBMS Backend] [nio-8080-exec-7] o.s.jdbc.core.JdbcTemplate               : Executing prepared SQL query
2026-06-04T10:00:39.036+05:30 DEBUG 94548 --- [CIVWBMS Backend] [nio-8080-exec-9] o.s.jdbc.core.JdbcTemplate               : Executing prepared SQL statement [SELECT COUNT(*) FROM employees]
2026-06-04T10:00:39.036+05:30 DEBUG 94548 --- [CIVWBMS Backend] [nio-8080-exec-7] o.s.jdbc.core.JdbcTemplate               : Executing prepared SQL statement [SELECT l.*, e.full_name, e.employee_code FROM leave_applications l JOIN employees e ON e.id=l.employee_id WHERE e.subsidiary_id=? ORDER BY l.created_at DESC]
2026-06-04T10:00:39.037+05:30 DEBUG 94548 --- [CIVWBMS Backend] [nio-8080-exec-9] o.s.jdbc.core.JdbcTemplate               : Executing prepared SQL query
2026-06-04T10:00:39.037+05:30 DEBUG 94548 --- [CIVWBMS Backend] [nio-8080-exec-9] o.s.jdbc.core.JdbcTemplate               : Executing prepared SQL statement [SELECT COUNT(*) FROM attendance a JOIN employees e ON e.id=a.employee_id WHERE a.status='Approved']
2026-06-04T10:00:39.039+05:30 DEBUG 94548 --- [CIVWBMS Backend] [nio-8080-exec-9] o.s.jdbc.core.JdbcTemplate               : Executing prepared SQL query
2026-06-04T10:00:39.039+05:30 DEBUG 94548 --- [CIVWBMS Backend] [nio-8080-exec-7] m.m.a.RequestResponseBodyMethodProcessor : Using 'application/json', given [application/json, text/plain, */*] and supported [application/json, application/*+json]
2026-06-04T10:00:39.040+05:30 DEBUG 94548 --- [CIVWBMS Backend] [nio-8080-exec-9] o.s.jdbc.core.JdbcTemplate               : Executing prepared SQL statement [SELECT COUNT(*) FROM leave_applications l JOIN employees e ON e.id=l.employee_id WHERE l.status='Approved']
2026-06-04T10:00:39.040+05:30 DEBUG 94548 --- [CIVWBMS Backend] [nio-8080-exec-7] m.m.a.RequestResponseBodyMethodProcessor : Writing [[{id=1, employee_id=1, leave_type=Casual Leave, from_date=2026-06-05, to_date=2026-06-06, reason=Fam (truncated)...]
2026-06-04T10:00:39.041+05:30 DEBUG 94548 --- [CIVWBMS Backend] [nio-8080-exec-9] o.s.jdbc.core.JdbcTemplate               : Executing prepared SQL query
2026-06-04T10:00:39.041+05:30 DEBUG 94548 --- [CIVWBMS Backend] [nio-8080-exec-9] o.s.jdbc.core.JdbcTemplate               : Executing prepared SQL statement [SELECT COALESCE(SUM(available_quantity),0) FROM coal_inventory]
2026-06-04T10:00:39.041+05:30 DEBUG 94548 --- [CIVWBMS Backend] [nio-8080-exec-7] o.s.web.servlet.DispatcherServlet        : Completed 200 OK
2026-06-04T10:00:39.042+05:30 DEBUG 94548 --- [CIVWBMS Backend] [nio-8080-exec-9] o.s.jdbc.core.JdbcTemplate               : Executing prepared SQL query
2026-06-04T10:00:39.043+05:30 DEBUG 94548 --- [CIVWBMS Backend] [nio-8080-exec-9] o.s.jdbc.core.JdbcTemplate               : Executing prepared SQL statement [SELECT COUNT(*) FROM coal_orders o]
2026-06-04T10:00:39.044+05:30 DEBUG 94548 --- [CIVWBMS Backend] [nio-8080-exec-9] o.s.jdbc.core.JdbcTemplate               : Executing prepared SQL query
2026-06-04T10:00:39.044+05:30 DEBUG 94548 --- [CIVWBMS Backend] [nio-8080-exec-9] o.s.jdbc.core.JdbcTemplate               : Executing prepared SQL statement [SELECT COALESCE(SUM(total_amount),0) FROM coal_orders WHERE status IN ('Approved','Processing','Dispatched','Delivered')]
2026-06-04T10:00:39.045+05:30 DEBUG 94548 --- [CIVWBMS Backend] [nio-8080-exec-9] o.s.jdbc.core.JdbcTemplate               : Executing prepared SQL query
2026-06-04T10:00:39.045+05:30 DEBUG 94548 --- [CIVWBMS Backend] [nio-8080-exec-9] o.s.jdbc.core.JdbcTemplate               : Executing prepared SQL statement [SELECT coal_quality label, SUM(available_quantity) value FROM coal_inventory GROUP BY coal_quality]
2026-06-04T10:00:39.046+05:30 DEBUG 94548 --- [CIVWBMS Backend] [nio-8080-exec-9] o.s.jdbc.core.JdbcTemplate               : Executing prepared SQL query
2026-06-04T10:00:39.047+05:30 DEBUG 94548 --- [CIVWBMS Backend] [nio-8080-exec-9] o.s.jdbc.core.JdbcTemplate               : Executing prepared SQL statement [SELECT status label, COUNT(*) value FROM coal_orders GROUP BY status]
2026-06-04T10:00:39.048+05:30 DEBUG 94548 --- [CIVWBMS Backend] [nio-8080-exec-9] o.s.jdbc.core.JdbcTemplate               : Executing prepared SQL query
2026-06-04T10:00:39.048+05:30 DEBUG 94548 --- [CIVWBMS Backend] [nio-8080-exec-9] o.s.jdbc.core.JdbcTemplate               : Executing prepared SQL statement [SELECT DATE_FORMAT(created_at,'%Y-%m') label, COUNT(*) value FROM coal_orders GROUP BY DATE_FORMAT(created_at,'%Y-%m') ORDER BY label]
2026-06-04T10:00:39.049+05:30 DEBUG 94548 --- [CIVWBMS Backend] [nio-8080-exec-9] m.m.a.RequestResponseBodyMethodProcessor : Using 'application/json', given [application/json, text/plain, */*] and supported [application/json, application/*+json]
2026-06-04T10:00:39.050+05:30 DEBUG 94548 --- [CIVWBMS Backend] [nio-8080-exec-9] m.m.a.RequestResponseBodyMethodProcessor : Writing [{employees=100, attendance=20, leaves=14, inventoryTonnes=145625.00, orders=50, revenue=4809560.00,  (truncated)...]
2026-06-04T10:00:39.051+05:30 DEBUG 94548 --- [CIVWBMS Backend] [nio-8080-exec-9] o.s.web.servlet.DispatcherServlet        : Completed 200 OK
2026-06-04T10:00:39.726+05:30 DEBUG 94548 --- [CIVWBMS Backend] [nio-8080-exec-6] o.s.web.servlet.DispatcherServlet        : GET "/api/dashboard", parameters={}
2026-06-04T10:00:39.733+05:30 DEBUG 94548 --- [CIVWBMS Backend] [nio-8080-exec-6] s.w.s.m.m.a.RequestMappingHandlerMapping : Mapped to com.civwbms.controller.ApiController#dashboard(Authentication)
2026-06-04T10:00:39.735+05:30 DEBUG 94548 --- [CIVWBMS Backend] [nio-8080-exec-6] o.s.jdbc.core.JdbcTemplate               : Executing prepared SQL query
2026-06-04T10:00:39.734+05:30 DEBUG 94548 --- [CIVWBMS Backend] [nio-8080-exec-1] o.s.web.servlet.DispatcherServlet        : GET "/api/subsidiaries", parameters={}
2026-06-04T10:00:39.736+05:30 DEBUG 94548 --- [CIVWBMS Backend] [nio-8080-exec-6] o.s.jdbc.core.JdbcTemplate               : Executing prepared SQL statement [SELECT COUNT(*) FROM employees]
2026-06-04T10:00:39.736+05:30 DEBUG 94548 --- [CIVWBMS Backend] [nio-8080-exec-1] s.w.s.m.m.a.RequestMappingHandlerMapping : Mapped to com.civwbms.controller.ApiController#subsidiaries()
2026-06-04T10:00:39.737+05:30 DEBUG 94548 --- [CIVWBMS Backend] [nio-8080-exec-1] o.s.jdbc.core.JdbcTemplate               : Executing SQL query [SELECT * FROM subsidiaries ORDER BY name]
2026-06-04T10:00:39.738+05:30 DEBUG 94548 --- [CIVWBMS Backend] [nio-8080-exec-6] o.s.jdbc.core.JdbcTemplate               : Executing prepared SQL query
2026-06-04T10:00:39.738+05:30 DEBUG 94548 --- [CIVWBMS Backend] [nio-8080-exec-6] o.s.jdbc.core.JdbcTemplate               : Executing prepared SQL statement [SELECT COUNT(*) FROM attendance a JOIN employees e ON e.id=a.employee_id WHERE a.status='Approved']
2026-06-04T10:00:39.738+05:30 DEBUG 94548 --- [CIVWBMS Backend] [nio-8080-exec-1] m.m.a.RequestResponseBodyMethodProcessor : Using 'application/json', given [application/json, text/plain, */*] and supported [application/json, application/*+json]
2026-06-04T10:00:39.739+05:30 DEBUG 94548 --- [CIVWBMS Backend] [nio-8080-exec-1] m.m.a.RequestResponseBodyMethodProcessor : Writing [[{id=2, code=BCCL, name=Bharat Coking Coal Limited}, {id=3, code=CCL, name=Central Coalfields Limite (truncated)...]
2026-06-04T10:00:39.739+05:30 DEBUG 94548 --- [CIVWBMS Backend] [nio-8080-exec-6] o.s.jdbc.core.JdbcTemplate               : Executing prepared SQL query
2026-06-04T10:00:39.740+05:30 DEBUG 94548 --- [CIVWBMS Backend] [nio-8080-exec-6] o.s.jdbc.core.JdbcTemplate               : Executing prepared SQL statement [SELECT COUNT(*) FROM leave_applications l JOIN employees e ON e.id=l.employee_id WHERE l.status='Approved']
2026-06-04T10:00:39.740+05:30 DEBUG 94548 --- [CIVWBMS Backend] [nio-8080-exec-4] o.s.web.servlet.DispatcherServlet        : GET "/api/attendance", parameters={}
2026-06-04T10:00:39.740+05:30 DEBUG 94548 --- [CIVWBMS Backend] [nio-8080-exec-1] o.s.web.servlet.DispatcherServlet        : Completed 200 OK
2026-06-04T10:00:39.741+05:30 DEBUG 94548 --- [CIVWBMS Backend] [nio-8080-exec-4] s.w.s.m.m.a.RequestMappingHandlerMapping : Mapped to com.civwbms.controller.ApiController#list(String, Authentication)
2026-06-04T10:00:39.741+05:30 DEBUG 94548 --- [CIVWBMS Backend] [nio-8080-exec-6] o.s.jdbc.core.JdbcTemplate               : Executing prepared SQL query
2026-06-04T10:00:39.741+05:30 DEBUG 94548 --- [CIVWBMS Backend] [nio-8080-exec-6] o.s.jdbc.core.JdbcTemplate               : Executing prepared SQL statement [SELECT COALESCE(SUM(available_quantity),0) FROM coal_inventory]
2026-06-04T10:00:39.741+05:30 DEBUG 94548 --- [CIVWBMS Backend] [nio-8080-exec-4] o.s.jdbc.core.JdbcTemplate               : Executing prepared SQL query
2026-06-04T10:00:39.742+05:30 DEBUG 94548 --- [CIVWBMS Backend] [nio-8080-exec-4] o.s.jdbc.core.JdbcTemplate               : Executing prepared SQL statement [SELECT a.*, e.full_name, e.employee_code FROM attendance a JOIN employees e ON e.id=a.employee_id WHERE e.subsidiary_id=? ORDER BY a.created_at DESC]
2026-06-04T10:00:39.742+05:30 DEBUG 94548 --- [CIVWBMS Backend] [nio-8080-exec-6] o.s.jdbc.core.JdbcTemplate               : Executing prepared SQL query
2026-06-04T10:00:39.742+05:30 DEBUG 94548 --- [CIVWBMS Backend] [nio-8080-exec-6] o.s.jdbc.core.JdbcTemplate               : Executing prepared SQL statement [SELECT COUNT(*) FROM coal_orders o]
2026-06-04T10:00:39.743+05:30 DEBUG 94548 --- [CIVWBMS Backend] [nio-8080-exec-6] o.s.jdbc.core.JdbcTemplate               : Executing prepared SQL query
2026-06-04T10:00:39.744+05:30 DEBUG 94548 --- [CIVWBMS Backend] [nio-8080-exec-6] o.s.jdbc.core.JdbcTemplate               : Executing prepared SQL statement [SELECT COALESCE(SUM(total_amount),0) FROM coal_orders WHERE status IN ('Approved','Processing','Dispatched','Delivered')]
2026-06-04T10:00:39.744+05:30 DEBUG 94548 --- [CIVWBMS Backend] [nio-8080-exec-4] m.m.a.RequestResponseBodyMethodProcessor : Using 'application/json', given [application/json, text/plain, */*] and supported [application/json, application/*+json]
2026-06-04T10:00:39.745+05:30 DEBUG 94548 --- [CIVWBMS Backend] [nio-8080-exec-6] o.s.jdbc.core.JdbcTemplate               : Executing prepared SQL query
2026-06-04T10:00:39.745+05:30 DEBUG 94548 --- [CIVWBMS Backend] [nio-8080-exec-4] m.m.a.RequestResponseBodyMethodProcessor : Writing [[{id=1, employee_id=1, attendance_date=2026-06-03, in_time=09:00:00, out_time=17:30:00, status=Appro (truncated)...]
2026-06-04T10:00:39.745+05:30 DEBUG 94548 --- [CIVWBMS Backend] [nio-8080-exec-6] o.s.jdbc.core.JdbcTemplate               : Executing prepared SQL statement [SELECT coal_quality label, SUM(available_quantity) value FROM coal_inventory GROUP BY coal_quality]
2026-06-04T10:00:39.746+05:30 DEBUG 94548 --- [CIVWBMS Backend] [nio-8080-exec-6] o.s.jdbc.core.JdbcTemplate               : Executing prepared SQL query
2026-06-04T10:00:39.746+05:30 DEBUG 94548 --- [CIVWBMS Backend] [nio-8080-exec-4] o.s.web.servlet.DispatcherServlet        : Completed 200 OK
2026-06-04T10:00:39.747+05:30 DEBUG 94548 --- [CIVWBMS Backend] [nio-8080-exec-6] o.s.jdbc.core.JdbcTemplate               : Executing prepared SQL statement [SELECT status label, COUNT(*) value FROM coal_orders GROUP BY status]
2026-06-04T10:00:39.748+05:30 DEBUG 94548 --- [CIVWBMS Backend] [nio-8080-exec-6] o.s.jdbc.core.JdbcTemplate               : Executing prepared SQL query
2026-06-04T10:00:39.748+05:30 DEBUG 94548 --- [CIVWBMS Backend] [nio-8080-exec-6] o.s.jdbc.core.JdbcTemplate               : Executing prepared SQL statement [SELECT DATE_FORMAT(created_at,'%Y-%m') label, COUNT(*) value FROM coal_orders GROUP BY DATE_FORMAT(created_at,'%Y-%m') ORDER BY label]
2026-06-04T10:00:39.750+05:30 DEBUG 94548 --- [CIVWBMS Backend] [nio-8080-exec-6] m.m.a.RequestResponseBodyMethodProcessor : Using 'application/json', given [application/json, text/plain, */*] and supported [application/json, application/*+json]
2026-06-04T10:00:39.751+05:30 DEBUG 94548 --- [CIVWBMS Backend] [nio-8080-exec-6] m.m.a.RequestResponseBodyMethodProcessor : Writing [{employees=100, attendance=20, leaves=14, inventoryTonnes=145625.00, orders=50, revenue=4809560.00,  (truncated)...]
2026-06-04T10:00:39.752+05:30 DEBUG 94548 --- [CIVWBMS Backend] [nio-8080-exec-6] o.s.web.servlet.DispatcherServlet        : Completed 200 OK
2026-06-04T10:00:40.692+05:30 DEBUG 94548 --- [CIVWBMS Backend] [nio-8080-exec-8] o.s.web.servlet.DispatcherServlet        : GET "/api/subsidiaries", parameters={}
2026-06-04T10:00:40.692+05:30 DEBUG 94548 --- [CIVWBMS Backend] [nio-8080-exec-2] o.s.web.servlet.DispatcherServlet        : GET "/api/leave", parameters={}
2026-06-04T10:00:40.692+05:30 DEBUG 94548 --- [CIVWBMS Backend] [nio-8080-exec-3] o.s.web.servlet.DispatcherServlet        : GET "/api/dashboard", parameters={}
2026-06-04T10:00:40.692+05:30 DEBUG 94548 --- [CIVWBMS Backend] [nio-8080-exec-8] s.w.s.m.m.a.RequestMappingHandlerMapping : Mapped to com.civwbms.controller.ApiController#subsidiaries()
2026-06-04T10:00:40.692+05:30 DEBUG 94548 --- [CIVWBMS Backend] [nio-8080-exec-2] s.w.s.m.m.a.RequestMappingHandlerMapping : Mapped to com.civwbms.controller.ApiController#list(String, Authentication)
2026-06-04T10:00:40.692+05:30 DEBUG 94548 --- [CIVWBMS Backend] [nio-8080-exec-3] s.w.s.m.m.a.RequestMappingHandlerMapping : Mapped to com.civwbms.controller.ApiController#dashboard(Authentication)
2026-06-04T10:00:40.692+05:30 DEBUG 94548 --- [CIVWBMS Backend] [nio-8080-exec-8] o.s.jdbc.core.JdbcTemplate               : Executing SQL query [SELECT * FROM subsidiaries ORDER BY name]
2026-06-04T10:00:40.692+05:30 DEBUG 94548 --- [CIVWBMS Backend] [nio-8080-exec-2] o.s.jdbc.core.JdbcTemplate               : Executing prepared SQL query
2026-06-04T10:00:40.692+05:30 DEBUG 94548 --- [CIVWBMS Backend] [nio-8080-exec-3] o.s.jdbc.core.JdbcTemplate               : Executing prepared SQL query
2026-06-04T10:00:40.696+05:30 DEBUG 94548 --- [CIVWBMS Backend] [nio-8080-exec-2] o.s.jdbc.core.JdbcTemplate               : Executing prepared SQL statement [SELECT l.*, e.full_name, e.employee_code FROM leave_applications l JOIN employees e ON e.id=l.employee_id WHERE e.subsidiary_id=? ORDER BY l.created_at DESC]
2026-06-04T10:00:40.696+05:30 DEBUG 94548 --- [CIVWBMS Backend] [nio-8080-exec-3] o.s.jdbc.core.JdbcTemplate               : Executing prepared SQL statement [SELECT COUNT(*) FROM employees]
2026-06-04T10:00:40.696+05:30 DEBUG 94548 --- [CIVWBMS Backend] [nio-8080-exec-3] o.s.jdbc.core.JdbcTemplate               : Executing prepared SQL query
2026-06-04T10:00:40.696+05:30 DEBUG 94548 --- [CIVWBMS Backend] [nio-8080-exec-8] m.m.a.RequestResponseBodyMethodProcessor : Using 'application/json', given [application/json, text/plain, */*] and supported [application/json, application/*+json]
2026-06-04T10:00:40.696+05:30 DEBUG 94548 --- [CIVWBMS Backend] [nio-8080-exec-3] o.s.jdbc.core.JdbcTemplate               : Executing prepared SQL statement [SELECT COUNT(*) FROM attendance a JOIN employees e ON e.id=a.employee_id WHERE a.status='Approved']
2026-06-04T10:00:40.696+05:30 DEBUG 94548 --- [CIVWBMS Backend] [nio-8080-exec-8] m.m.a.RequestResponseBodyMethodProcessor : Writing [[{id=2, code=BCCL, name=Bharat Coking Coal Limited}, {id=3, code=CCL, name=Central Coalfields Limite (truncated)...]
2026-06-04T10:00:40.696+05:30 DEBUG 94548 --- [CIVWBMS Backend] [nio-8080-exec-2] m.m.a.RequestResponseBodyMethodProcessor : Using 'application/json', given [application/json, text/plain, */*] and supported [application/json, application/*+json]
2026-06-04T10:00:40.699+05:30 DEBUG 94548 --- [CIVWBMS Backend] [nio-8080-exec-3] o.s.jdbc.core.JdbcTemplate               : Executing prepared SQL query
2026-06-04T10:00:40.699+05:30 DEBUG 94548 --- [CIVWBMS Backend] [nio-8080-exec-2] m.m.a.RequestResponseBodyMethodProcessor : Writing [[{id=1, employee_id=1, leave_type=Casual Leave, from_date=2026-06-05, to_date=2026-06-06, reason=Fam (truncated)...]
2026-06-04T10:00:40.699+05:30 DEBUG 94548 --- [CIVWBMS Backend] [nio-8080-exec-3] o.s.jdbc.core.JdbcTemplate               : Executing prepared SQL statement [SELECT COUNT(*) FROM leave_applications l JOIN employees e ON e.id=l.employee_id WHERE l.status='Approved']
2026-06-04T10:00:40.699+05:30 DEBUG 94548 --- [CIVWBMS Backend] [nio-8080-exec-8] o.s.web.servlet.DispatcherServlet        : Completed 200 OK
2026-06-04T10:00:40.701+05:30 DEBUG 94548 --- [CIVWBMS Backend] [nio-8080-exec-2] o.s.web.servlet.DispatcherServlet        : Completed 200 OK
2026-06-04T10:00:40.701+05:30 DEBUG 94548 --- [CIVWBMS Backend] [nio-8080-exec-3] o.s.jdbc.core.JdbcTemplate               : Executing prepared SQL query
2026-06-04T10:00:40.703+05:30 DEBUG 94548 --- [CIVWBMS Backend] [nio-8080-exec-3] o.s.jdbc.core.JdbcTemplate               : Executing prepared SQL statement [SELECT COALESCE(SUM(available_quantity),0) FROM coal_inventory]
2026-06-04T10:00:40.704+05:30 DEBUG 94548 --- [CIVWBMS Backend] [nio-8080-exec-3] o.s.jdbc.core.JdbcTemplate               : Executing prepared SQL query
2026-06-04T10:00:40.704+05:30 DEBUG 94548 --- [CIVWBMS Backend] [nio-8080-exec-3] o.s.jdbc.core.JdbcTemplate               : Executing prepared SQL statement [SELECT COUNT(*) FROM coal_orders o]
2026-06-04T10:00:40.706+05:30 DEBUG 94548 --- [CIVWBMS Backend] [nio-8080-exec-3] o.s.jdbc.core.JdbcTemplate               : Executing prepared SQL query
2026-06-04T10:00:40.706+05:30 DEBUG 94548 --- [CIVWBMS Backend] [nio-8080-exec-3] o.s.jdbc.core.JdbcTemplate               : Executing prepared SQL statement [SELECT COALESCE(SUM(total_amount),0) FROM coal_orders WHERE status IN ('Approved','Processing','Dispatched','Delivered')]
2026-06-04T10:00:40.706+05:30 DEBUG 94548 --- [CIVWBMS Backend] [nio-8080-exec-3] o.s.jdbc.core.JdbcTemplate               : Executing prepared SQL query
2026-06-04T10:00:40.706+05:30 DEBUG 94548 --- [CIVWBMS Backend] [nio-8080-exec-3] o.s.jdbc.core.JdbcTemplate               : Executing prepared SQL statement [SELECT coal_quality label, SUM(available_quantity) value FROM coal_inventory GROUP BY coal_quality]
2026-06-04T10:00:40.708+05:30 DEBUG 94548 --- [CIVWBMS Backend] [nio-8080-exec-3] o.s.jdbc.core.JdbcTemplate               : Executing prepared SQL query
2026-06-04T10:00:40.708+05:30 DEBUG 94548 --- [CIVWBMS Backend] [nio-8080-exec-3] o.s.jdbc.core.JdbcTemplate               : Executing prepared SQL statement [SELECT status label, COUNT(*) value FROM coal_orders GROUP BY status]
2026-06-04T10:00:40.708+05:30 DEBUG 94548 --- [CIVWBMS Backend] [nio-8080-exec-3] o.s.jdbc.core.JdbcTemplate               : Executing prepared SQL query
2026-06-04T10:00:40.710+05:30 DEBUG 94548 --- [CIVWBMS Backend] [nio-8080-exec-3] o.s.jdbc.core.JdbcTemplate               : Executing prepared SQL statement [SELECT DATE_FORMAT(created_at,'%Y-%m') label, COUNT(*) value FROM coal_orders GROUP BY DATE_FORMAT(created_at,'%Y-%m') ORDER BY label]
2026-06-04T10:00:40.710+05:30 DEBUG 94548 --- [CIVWBMS Backend] [nio-8080-exec-3] m.m.a.RequestResponseBodyMethodProcessor : Using 'application/json', given [application/json, text/plain, */*] and supported [application/json, application/*+json]
2026-06-04T10:00:40.712+05:30 DEBUG 94548 --- [CIVWBMS Backend] [nio-8080-exec-3] m.m.a.RequestResponseBodyMethodProcessor : Writing [{employees=100, attendance=20, leaves=14, inventoryTonnes=145625.00, orders=50, revenue=4809560.00,  (truncated)...]
2026-06-04T10:00:40.712+05:30 DEBUG 94548 --- [CIVWBMS Backend] [nio-8080-exec-3] o.s.web.servlet.DispatcherServlet        : Completed 200 OK
2026-06-04T10:00:43.973+05:30 DEBUG 94548 --- [CIVWBMS Backend] [io-8080-exec-10] o.s.web.servlet.DispatcherServlet        : GET "/api/dashboard", parameters={}
2026-06-04T10:00:43.978+05:30 DEBUG 94548 --- [CIVWBMS Backend] [io-8080-exec-10] s.w.s.m.m.a.RequestMappingHandlerMapping : Mapped to com.civwbms.controller.ApiController#dashboard(Authentication)
2026-06-04T10:00:43.978+05:30 DEBUG 94548 --- [CIVWBMS Backend] [io-8080-exec-10] o.s.jdbc.core.JdbcTemplate               : Executing prepared SQL query
2026-06-04T10:00:43.978+05:30 DEBUG 94548 --- [CIVWBMS Backend] [io-8080-exec-10] o.s.jdbc.core.JdbcTemplate               : Executing prepared SQL statement [SELECT COUNT(*) FROM employees]
2026-06-04T10:00:43.980+05:30 DEBUG 94548 --- [CIVWBMS Backend] [io-8080-exec-10] o.s.jdbc.core.JdbcTemplate               : Executing prepared SQL query
2026-06-04T10:00:43.981+05:30 DEBUG 94548 --- [CIVWBMS Backend] [io-8080-exec-10] o.s.jdbc.core.JdbcTemplate               : Executing prepared SQL statement [SELECT COUNT(*) FROM attendance a JOIN employees e ON e.id=a.employee_id WHERE a.status='Approved']
2026-06-04T10:00:43.982+05:30 DEBUG 94548 --- [CIVWBMS Backend] [io-8080-exec-10] o.s.jdbc.core.JdbcTemplate               : Executing prepared SQL query
2026-06-04T10:00:43.982+05:30 DEBUG 94548 --- [CIVWBMS Backend] [io-8080-exec-10] o.s.jdbc.core.JdbcTemplate               : Executing prepared SQL statement [SELECT COUNT(*) FROM leave_applications l JOIN employees e ON e.id=l.employee_id WHERE l.status='Approved']
2026-06-04T10:00:43.983+05:30 DEBUG 94548 --- [CIVWBMS Backend] [io-8080-exec-10] o.s.jdbc.core.JdbcTemplate               : Executing prepared SQL query
2026-06-04T10:00:43.983+05:30 DEBUG 94548 --- [CIVWBMS Backend] [io-8080-exec-10] o.s.jdbc.core.JdbcTemplate               : Executing prepared SQL statement [SELECT COALESCE(SUM(available_quantity),0) FROM coal_inventory]
2026-06-04T10:00:43.985+05:30 DEBUG 94548 --- [CIVWBMS Backend] [io-8080-exec-10] o.s.jdbc.core.JdbcTemplate               : Executing prepared SQL query
2026-06-04T10:00:43.985+05:30 DEBUG 94548 --- [CIVWBMS Backend] [io-8080-exec-10] o.s.jdbc.core.JdbcTemplate               : Executing prepared SQL statement [SELECT COUNT(*) FROM coal_orders o]
2026-06-04T10:00:43.985+05:30 DEBUG 94548 --- [CIVWBMS Backend] [io-8080-exec-10] o.s.jdbc.core.JdbcTemplate               : Executing prepared SQL query
2026-06-04T10:00:43.985+05:30 DEBUG 94548 --- [CIVWBMS Backend] [io-8080-exec-10] o.s.jdbc.core.JdbcTemplate               : Executing prepared SQL statement [SELECT COALESCE(SUM(total_amount),0) FROM coal_orders WHERE status IN ('Approved','Processing','Dispatched','Delivered')]
2026-06-04T10:00:43.985+05:30 DEBUG 94548 --- [CIVWBMS Backend] [io-8080-exec-10] o.s.jdbc.core.JdbcTemplate               : Executing prepared SQL query
2026-06-04T10:00:43.985+05:30 DEBUG 94548 --- [CIVWBMS Backend] [io-8080-exec-10] o.s.jdbc.core.JdbcTemplate               : Executing prepared SQL statement [SELECT coal_quality label, SUM(available_quantity) value FROM coal_inventory GROUP BY coal_quality]
2026-06-04T10:00:43.985+05:30 DEBUG 94548 --- [CIVWBMS Backend] [io-8080-exec-10] o.s.jdbc.core.JdbcTemplate               : Executing prepared SQL query
2026-06-04T10:00:43.985+05:30 DEBUG 94548 --- [CIVWBMS Backend] [io-8080-exec-10] o.s.jdbc.core.JdbcTemplate               : Executing prepared SQL statement [SELECT status label, COUNT(*) value FROM coal_orders GROUP BY status]
2026-06-04T10:00:43.985+05:30 DEBUG 94548 --- [CIVWBMS Backend] [io-8080-exec-10] o.s.jdbc.core.JdbcTemplate               : Executing prepared SQL query
2026-06-04T10:00:43.985+05:30 DEBUG 94548 --- [CIVWBMS Backend] [io-8080-exec-10] o.s.jdbc.core.JdbcTemplate               : Executing prepared SQL statement [SELECT DATE_FORMAT(created_at,'%Y-%m') label, COUNT(*) value FROM coal_orders GROUP BY DATE_FORMAT(created_at,'%Y-%m') ORDER BY label]
2026-06-04T10:00:43.991+05:30 DEBUG 94548 --- [CIVWBMS Backend] [io-8080-exec-10] m.m.a.RequestResponseBodyMethodProcessor : Using 'application/json', given [application/json, text/plain, */*] and supported [application/json, application/*+json]
2026-06-04T10:00:43.991+05:30 DEBUG 94548 --- [CIVWBMS Backend] [io-8080-exec-10] m.m.a.RequestResponseBodyMethodProcessor : Writing [{employees=100, attendance=20, leaves=14, inventoryTonnes=145625.00, orders=50, revenue=4809560.00,  (truncated)...]
2026-06-04T10:00:43.993+05:30 DEBUG 94548 --- [CIVWBMS Backend] [io-8080-exec-10] o.s.web.servlet.DispatcherServlet        : Completed 200 OK
2026-06-04T10:00:45.354+05:30 DEBUG 94548 --- [CIVWBMS Backend] [nio-8080-exec-8] o.s.web.servlet.DispatcherServlet        : GET "/api/inventory", parameters={}
2026-06-04T10:00:45.360+05:30 DEBUG 94548 --- [CIVWBMS Backend] [nio-8080-exec-8] s.w.s.m.m.a.RequestMappingHandlerMapping : Mapped to com.civwbms.controller.ApiController#list(String, Authentication)
2026-06-04T10:00:45.360+05:30 DEBUG 94548 --- [CIVWBMS Backend] [nio-8080-exec-5] o.s.web.servlet.DispatcherServlet        : GET "/api/orders", parameters={}
2026-06-04T10:00:45.360+05:30 DEBUG 94548 --- [CIVWBMS Backend] [nio-8080-exec-2] o.s.web.servlet.DispatcherServlet        : GET "/api/dashboard", parameters={}
2026-06-04T10:00:45.360+05:30 DEBUG 94548 --- [CIVWBMS Backend] [nio-8080-exec-4] o.s.web.servlet.DispatcherServlet        : GET "/api/subsidiaries", parameters={}
2026-06-04T10:00:45.360+05:30 DEBUG 94548 --- [CIVWBMS Backend] [nio-8080-exec-5] s.w.s.m.m.a.RequestMappingHandlerMapping : Mapped to com.civwbms.controller.ApiController#list(String, Authentication)
2026-06-04T10:00:45.360+05:30 DEBUG 94548 --- [CIVWBMS Backend] [nio-8080-exec-8] o.s.jdbc.core.JdbcTemplate               : Executing SQL query [SELECT c.*, s.code subsidiary_code, s.name subsidiary_name FROM coal_inventory c JOIN subsidiaries s ON s.id=c.subsidiary_id ORDER BY c.updated_at DESC]
2026-06-04T10:00:45.360+05:30 DEBUG 94548 --- [CIVWBMS Backend] [nio-8080-exec-2] s.w.s.m.m.a.RequestMappingHandlerMapping : Mapped to com.civwbms.controller.ApiController#dashboard(Authentication)
2026-06-04T10:00:45.360+05:30 DEBUG 94548 --- [CIVWBMS Backend] [nio-8080-exec-4] s.w.s.m.m.a.RequestMappingHandlerMapping : Mapped to com.civwbms.controller.ApiController#subsidiaries()
2026-06-04T10:00:45.363+05:30 DEBUG 94548 --- [CIVWBMS Backend] [nio-8080-exec-5] o.s.jdbc.core.JdbcTemplate               : Executing prepared SQL query
2026-06-04T10:00:45.363+05:30 DEBUG 94548 --- [CIVWBMS Backend] [nio-8080-exec-2] o.s.jdbc.core.JdbcTemplate               : Executing prepared SQL query
2026-06-04T10:00:45.363+05:30 DEBUG 94548 --- [CIVWBMS Backend] [nio-8080-exec-4] o.s.jdbc.core.JdbcTemplate               : Executing SQL query [SELECT * FROM subsidiaries ORDER BY name]
2026-06-04T10:00:45.363+05:30 DEBUG 94548 --- [CIVWBMS Backend] [nio-8080-exec-5] o.s.jdbc.core.JdbcTemplate               : Executing prepared SQL statement [SELECT o.*, c.company_name, s.code subsidiary_code FROM coal_orders o JOIN clients c ON c.id=o.client_id JOIN subsidiaries s ON s.id=o.subsidiary_id ORDER BY o.created_at DESC]
2026-06-04T10:00:45.363+05:30 DEBUG 94548 --- [CIVWBMS Backend] [nio-8080-exec-2] o.s.jdbc.core.JdbcTemplate               : Executing prepared SQL statement [SELECT COUNT(*) FROM employees]
2026-06-04T10:00:45.364+05:30 DEBUG 94548 --- [CIVWBMS Backend] [nio-8080-exec-4] m.m.a.RequestResponseBodyMethodProcessor : Using 'application/json', given [application/json, text/plain, */*] and supported [application/json, application/*+json]
2026-06-04T10:00:45.364+05:30 DEBUG 94548 --- [CIVWBMS Backend] [nio-8080-exec-2] o.s.jdbc.core.JdbcTemplate               : Executing prepared SQL query
2026-06-04T10:00:45.366+05:30 DEBUG 94548 --- [CIVWBMS Backend] [nio-8080-exec-4] m.m.a.RequestResponseBodyMethodProcessor : Writing [[{id=2, code=BCCL, name=Bharat Coking Coal Limited}, {id=3, code=CCL, name=Central Coalfields Limite (truncated)...]
2026-06-04T10:00:45.366+05:30 DEBUG 94548 --- [CIVWBMS Backend] [nio-8080-exec-2] o.s.jdbc.core.JdbcTemplate               : Executing prepared SQL statement [SELECT COUNT(*) FROM attendance a JOIN employees e ON e.id=a.employee_id WHERE a.status='Approved']
2026-06-04T10:00:45.366+05:30 DEBUG 94548 --- [CIVWBMS Backend] [nio-8080-exec-8] m.m.a.RequestResponseBodyMethodProcessor : Using 'application/json', given [application/json, text/plain, */*] and supported [application/json, application/*+json]
2026-06-04T10:00:45.366+05:30 DEBUG 94548 --- [CIVWBMS Backend] [nio-8080-exec-2] o.s.jdbc.core.JdbcTemplate               : Executing prepared SQL query
2026-06-04T10:00:45.366+05:30 DEBUG 94548 --- [CIVWBMS Backend] [nio-8080-exec-4] o.s.web.servlet.DispatcherServlet        : Completed 200 OK
2026-06-04T10:00:45.366+05:30 DEBUG 94548 --- [CIVWBMS Backend] [nio-8080-exec-2] o.s.jdbc.core.JdbcTemplate               : Executing prepared SQL statement [SELECT COUNT(*) FROM leave_applications l JOIN employees e ON e.id=l.employee_id WHERE l.status='Approved']
2026-06-04T10:00:45.366+05:30 DEBUG 94548 --- [CIVWBMS Backend] [nio-8080-exec-8] m.m.a.RequestResponseBodyMethodProcessor : Writing [[{id=1, subsidiary_id=1, area=Area 1, colliery=Colliery 1, coal_grade=G1, coal_quality=Premium, avai (truncated)...]
2026-06-04T10:00:45.369+05:30 DEBUG 94548 --- [CIVWBMS Backend] [nio-8080-exec-2] o.s.jdbc.core.JdbcTemplate               : Executing prepared SQL query
2026-06-04T10:00:45.369+05:30 DEBUG 94548 --- [CIVWBMS Backend] [nio-8080-exec-2] o.s.jdbc.core.JdbcTemplate               : Executing prepared SQL statement [SELECT COALESCE(SUM(available_quantity),0) FROM coal_inventory]
2026-06-04T10:00:45.369+05:30 DEBUG 94548 --- [CIVWBMS Backend] [nio-8080-exec-8] o.s.web.servlet.DispatcherServlet        : Completed 200 OK
2026-06-04T10:00:45.371+05:30 DEBUG 94548 --- [CIVWBMS Backend] [nio-8080-exec-2] o.s.jdbc.core.JdbcTemplate               : Executing prepared SQL query
2026-06-04T10:00:45.371+05:30 DEBUG 94548 --- [CIVWBMS Backend] [nio-8080-exec-2] o.s.jdbc.core.JdbcTemplate               : Executing prepared SQL statement [SELECT COUNT(*) FROM coal_orders o]
2026-06-04T10:00:45.371+05:30 DEBUG 94548 --- [CIVWBMS Backend] [nio-8080-exec-5] m.m.a.RequestResponseBodyMethodProcessor : Using 'application/json', given [application/json, text/plain, */*] and supported [application/json, application/*+json]
2026-06-04T10:00:45.371+05:30 DEBUG 94548 --- [CIVWBMS Backend] [nio-8080-exec-2] o.s.jdbc.core.JdbcTemplate               : Executing prepared SQL query
2026-06-04T10:00:45.371+05:30 DEBUG 94548 --- [CIVWBMS Backend] [nio-8080-exec-2] o.s.jdbc.core.JdbcTemplate               : Executing prepared SQL statement [SELECT COALESCE(SUM(total_amount),0) FROM coal_orders WHERE status IN ('Approved','Processing','Dispatched','Delivered')]
2026-06-04T10:00:45.371+05:30 DEBUG 94548 --- [CIVWBMS Backend] [nio-8080-exec-5] m.m.a.RequestResponseBodyMethodProcessor : Writing [[{id=2, client_id=2, inventory_id=2, subsidiary_id=2, area=Area 2, colliery=Colliery 2, coal_grade=G (truncated)...]
2026-06-04T10:00:45.371+05:30 DEBUG 94548 --- [CIVWBMS Backend] [nio-8080-exec-2] o.s.jdbc.core.JdbcTemplate               : Executing prepared SQL query
2026-06-04T10:00:45.371+05:30 DEBUG 94548 --- [CIVWBMS Backend] [nio-8080-exec-2] o.s.jdbc.core.JdbcTemplate               : Executing prepared SQL statement [SELECT coal_quality label, SUM(available_quantity) value FROM coal_inventory GROUP BY coal_quality]
2026-06-04T10:00:45.374+05:30 DEBUG 94548 --- [CIVWBMS Backend] [nio-8080-exec-5] o.s.web.servlet.DispatcherServlet        : Completed 200 OK
2026-06-04T10:00:45.374+05:30 DEBUG 94548 --- [CIVWBMS Backend] [nio-8080-exec-2] o.s.jdbc.core.JdbcTemplate               : Executing prepared SQL query
2026-06-04T10:00:45.374+05:30 DEBUG 94548 --- [CIVWBMS Backend] [nio-8080-exec-2] o.s.jdbc.core.JdbcTemplate               : Executing prepared SQL statement [SELECT status label, COUNT(*) value FROM coal_orders GROUP BY status]
2026-06-04T10:00:45.374+05:30 DEBUG 94548 --- [CIVWBMS Backend] [nio-8080-exec-2] o.s.jdbc.core.JdbcTemplate               : Executing prepared SQL query
2026-06-04T10:00:45.374+05:30 DEBUG 94548 --- [CIVWBMS Backend] [nio-8080-exec-2] o.s.jdbc.core.JdbcTemplate               : Executing prepared SQL statement [SELECT DATE_FORMAT(created_at,'%Y-%m') label, COUNT(*) value FROM coal_orders GROUP BY DATE_FORMAT(created_at,'%Y-%m') ORDER BY label]
2026-06-04T10:00:45.378+05:30 DEBUG 94548 --- [CIVWBMS Backend] [nio-8080-exec-2] m.m.a.RequestResponseBodyMethodProcessor : Using 'application/json', given [application/json, text/plain, */*] and supported [application/json, application/*+json]
2026-06-04T10:00:45.378+05:30 DEBUG 94548 --- [CIVWBMS Backend] [nio-8080-exec-2] m.m.a.RequestResponseBodyMethodProcessor : Writing [{employees=100, attendance=20, leaves=14, inventoryTonnes=145625.00, orders=50, revenue=4809560.00,  (truncated)...]
2026-06-04T10:00:45.379+05:30 DEBUG 94548 --- [CIVWBMS Backend] [nio-8080-exec-2] o.s.web.servlet.DispatcherServlet        : Completed 200 OK
2026-06-04T10:00:46.242+05:30 DEBUG 94548 --- [CIVWBMS Backend] [io-8080-exec-10] o.s.web.servlet.DispatcherServlet        : GET "/api/subsidiaries", parameters={}
2026-06-04T10:00:46.242+05:30 DEBUG 94548 --- [CIVWBMS Backend] [nio-8080-exec-7] o.s.web.servlet.DispatcherServlet        : GET "/api/dashboard", parameters={}
2026-06-04T10:00:46.243+05:30 DEBUG 94548 --- [CIVWBMS Backend] [io-8080-exec-10] s.w.s.m.m.a.RequestMappingHandlerMapping : Mapped to com.civwbms.controller.ApiController#subsidiaries()
2026-06-04T10:00:46.243+05:30 DEBUG 94548 --- [CIVWBMS Backend] [nio-8080-exec-7] s.w.s.m.m.a.RequestMappingHandlerMapping : Mapped to com.civwbms.controller.ApiController#dashboard(Authentication)
2026-06-04T10:00:46.243+05:30 DEBUG 94548 --- [CIVWBMS Backend] [io-8080-exec-10] o.s.jdbc.core.JdbcTemplate               : Executing SQL query [SELECT * FROM subsidiaries ORDER BY name]
2026-06-04T10:00:46.243+05:30 DEBUG 94548 --- [CIVWBMS Backend] [nio-8080-exec-7] o.s.jdbc.core.JdbcTemplate               : Executing prepared SQL query
2026-06-04T10:00:46.244+05:30 DEBUG 94548 --- [CIVWBMS Backend] [nio-8080-exec-7] o.s.jdbc.core.JdbcTemplate               : Executing prepared SQL statement [SELECT COUNT(*) FROM employees]
2026-06-04T10:00:46.245+05:30 DEBUG 94548 --- [CIVWBMS Backend] [nio-8080-exec-7] o.s.jdbc.core.JdbcTemplate               : Executing prepared SQL query
2026-06-04T10:00:46.245+05:30 DEBUG 94548 --- [CIVWBMS Backend] [io-8080-exec-10] m.m.a.RequestResponseBodyMethodProcessor : Using 'application/json', given [application/json, text/plain, */*] and supported [application/json, application/*+json]
2026-06-04T10:00:46.245+05:30 DEBUG 94548 --- [CIVWBMS Backend] [nio-8080-exec-7] o.s.jdbc.core.JdbcTemplate               : Executing prepared SQL statement [SELECT COUNT(*) FROM attendance a JOIN employees e ON e.id=a.employee_id WHERE a.status='Approved']
2026-06-04T10:00:46.246+05:30 DEBUG 94548 --- [CIVWBMS Backend] [nio-8080-exec-9] o.s.web.servlet.DispatcherServlet        : GET "/api/attendance", parameters={}
2026-06-04T10:00:46.245+05:30 DEBUG 94548 --- [CIVWBMS Backend] [io-8080-exec-10] m.m.a.RequestResponseBodyMethodProcessor : Writing [[{id=2, code=BCCL, name=Bharat Coking Coal Limited}, {id=3, code=CCL, name=Central Coalfields Limite (truncated)...]
2026-06-04T10:00:46.246+05:30 DEBUG 94548 --- [CIVWBMS Backend] [nio-8080-exec-7] o.s.jdbc.core.JdbcTemplate               : Executing prepared SQL query
2026-06-04T10:00:46.247+05:30 DEBUG 94548 --- [CIVWBMS Backend] [io-8080-exec-10] o.s.web.servlet.DispatcherServlet        : Completed 200 OK
2026-06-04T10:00:46.247+05:30 DEBUG 94548 --- [CIVWBMS Backend] [nio-8080-exec-9] s.w.s.m.m.a.RequestMappingHandlerMapping : Mapped to com.civwbms.controller.ApiController#list(String, Authentication)
2026-06-04T10:00:46.247+05:30 DEBUG 94548 --- [CIVWBMS Backend] [nio-8080-exec-7] o.s.jdbc.core.JdbcTemplate               : Executing prepared SQL statement [SELECT COUNT(*) FROM leave_applications l JOIN employees e ON e.id=l.employee_id WHERE l.status='Approved']
2026-06-04T10:00:46.248+05:30 DEBUG 94548 --- [CIVWBMS Backend] [nio-8080-exec-9] o.s.jdbc.core.JdbcTemplate               : Executing prepared SQL query
2026-06-04T10:00:46.248+05:30 DEBUG 94548 --- [CIVWBMS Backend] [nio-8080-exec-9] o.s.jdbc.core.JdbcTemplate               : Executing prepared SQL statement [SELECT a.*, e.full_name, e.employee_code FROM attendance a JOIN employees e ON e.id=a.employee_id WHERE e.subsidiary_id=? ORDER BY a.created_at DESC]
2026-06-04T10:00:46.249+05:30 DEBUG 94548 --- [CIVWBMS Backend] [nio-8080-exec-7] o.s.jdbc.core.JdbcTemplate               : Executing prepared SQL query
2026-06-04T10:00:46.249+05:30 DEBUG 94548 --- [CIVWBMS Backend] [nio-8080-exec-7] o.s.jdbc.core.JdbcTemplate               : Executing prepared SQL statement [SELECT COALESCE(SUM(available_quantity),0) FROM coal_inventory]
2026-06-04T10:00:46.249+05:30 DEBUG 94548 --- [CIVWBMS Backend] [nio-8080-exec-7] o.s.jdbc.core.JdbcTemplate               : Executing prepared SQL query
2026-06-04T10:00:46.251+05:30 DEBUG 94548 --- [CIVWBMS Backend] [nio-8080-exec-7] o.s.jdbc.core.JdbcTemplate               : Executing prepared SQL statement [SELECT COUNT(*) FROM coal_orders o]
2026-06-04T10:00:46.252+05:30 DEBUG 94548 --- [CIVWBMS Backend] [nio-8080-exec-7] o.s.jdbc.core.JdbcTemplate               : Executing prepared SQL query
2026-06-04T10:00:46.252+05:30 DEBUG 94548 --- [CIVWBMS Backend] [nio-8080-exec-9] m.m.a.RequestResponseBodyMethodProcessor : Using 'application/json', given [application/json, text/plain, */*] and supported [application/json, application/*+json]
2026-06-04T10:00:46.252+05:30 DEBUG 94548 --- [CIVWBMS Backend] [nio-8080-exec-9] m.m.a.RequestResponseBodyMethodProcessor : Writing [[{id=1, employee_id=1, attendance_date=2026-06-03, in_time=09:00:00, out_time=17:30:00, status=Appro (truncated)...]
2026-06-04T10:00:46.252+05:30 DEBUG 94548 --- [CIVWBMS Backend] [nio-8080-exec-7] o.s.jdbc.core.JdbcTemplate               : Executing prepared SQL statement [SELECT COALESCE(SUM(total_amount),0) FROM coal_orders WHERE status IN ('Approved','Processing','Dispatched','Delivered')]
2026-06-04T10:00:46.253+05:30 DEBUG 94548 --- [CIVWBMS Backend] [nio-8080-exec-9] o.s.web.servlet.DispatcherServlet        : Completed 200 OK
2026-06-04T10:00:46.253+05:30 DEBUG 94548 --- [CIVWBMS Backend] [nio-8080-exec-7] o.s.jdbc.core.JdbcTemplate               : Executing prepared SQL query
2026-06-04T10:00:46.254+05:30 DEBUG 94548 --- [CIVWBMS Backend] [nio-8080-exec-7] o.s.jdbc.core.JdbcTemplate               : Executing prepared SQL statement [SELECT coal_quality label, SUM(available_quantity) value FROM coal_inventory GROUP BY coal_quality]
2026-06-04T10:00:46.255+05:30 DEBUG 94548 --- [CIVWBMS Backend] [nio-8080-exec-7] o.s.jdbc.core.JdbcTemplate               : Executing prepared SQL query
2026-06-04T10:00:46.256+05:30 DEBUG 94548 --- [CIVWBMS Backend] [nio-8080-exec-7] o.s.jdbc.core.JdbcTemplate               : Executing prepared SQL statement [SELECT status label, COUNT(*) value FROM coal_orders GROUP BY status]
2026-06-04T10:00:46.257+05:30 DEBUG 94548 --- [CIVWBMS Backend] [nio-8080-exec-7] o.s.jdbc.core.JdbcTemplate               : Executing prepared SQL query
2026-06-04T10:00:46.257+05:30 DEBUG 94548 --- [CIVWBMS Backend] [nio-8080-exec-7] o.s.jdbc.core.JdbcTemplate               : Executing prepared SQL statement [SELECT DATE_FORMAT(created_at,'%Y-%m') label, COUNT(*) value FROM coal_orders GROUP BY DATE_FORMAT(created_at,'%Y-%m') ORDER BY label]
2026-06-04T10:00:46.259+05:30 DEBUG 94548 --- [CIVWBMS Backend] [nio-8080-exec-7] m.m.a.RequestResponseBodyMethodProcessor : Using 'application/json', given [application/json, text/plain, */*] and supported [application/json, application/*+json]
2026-06-04T10:00:46.260+05:30 DEBUG 94548 --- [CIVWBMS Backend] [nio-8080-exec-7] m.m.a.RequestResponseBodyMethodProcessor : Writing [{employees=100, attendance=20, leaves=14, inventoryTonnes=145625.00, orders=50, revenue=4809560.00,  (truncated)...]
2026-06-04T10:00:46.261+05:30 DEBUG 94548 --- [CIVWBMS Backend] [nio-8080-exec-7] o.s.web.servlet.DispatcherServlet        : Completed 200 OK
2026-06-04T10:00:46.829+05:30 DEBUG 94548 --- [CIVWBMS Backend] [nio-8080-exec-6] o.s.web.servlet.DispatcherServlet        : GET "/api/dashboard", parameters={}
2026-06-04T10:00:46.830+05:30 DEBUG 94548 --- [CIVWBMS Backend] [nio-8080-exec-6] s.w.s.m.m.a.RequestMappingHandlerMapping : Mapped to com.civwbms.controller.ApiController#dashboard(Authentication)
2026-06-04T10:00:46.830+05:30 DEBUG 94548 --- [CIVWBMS Backend] [nio-8080-exec-6] o.s.jdbc.core.JdbcTemplate               : Executing prepared SQL query
2026-06-04T10:00:46.831+05:30 DEBUG 94548 --- [CIVWBMS Backend] [nio-8080-exec-6] o.s.jdbc.core.JdbcTemplate               : Executing prepared SQL statement [SELECT COUNT(*) FROM employees]
2026-06-04T10:00:46.833+05:30 DEBUG 94548 --- [CIVWBMS Backend] [nio-8080-exec-6] o.s.jdbc.core.JdbcTemplate               : Executing prepared SQL query
2026-06-04T10:00:46.834+05:30 DEBUG 94548 --- [CIVWBMS Backend] [nio-8080-exec-6] o.s.jdbc.core.JdbcTemplate               : Executing prepared SQL statement [SELECT COUNT(*) FROM attendance a JOIN employees e ON e.id=a.employee_id WHERE a.status='Approved']
2026-06-04T10:00:46.837+05:30 DEBUG 94548 --- [CIVWBMS Backend] [nio-8080-exec-6] o.s.jdbc.core.JdbcTemplate               : Executing prepared SQL query
2026-06-04T10:00:46.837+05:30 DEBUG 94548 --- [CIVWBMS Backend] [nio-8080-exec-6] o.s.jdbc.core.JdbcTemplate               : Executing prepared SQL statement [SELECT COUNT(*) FROM leave_applications l JOIN employees e ON e.id=l.employee_id WHERE l.status='Approved']
2026-06-04T10:00:46.838+05:30 DEBUG 94548 --- [CIVWBMS Backend] [nio-8080-exec-6] o.s.jdbc.core.JdbcTemplate               : Executing prepared SQL query
2026-06-04T10:00:46.839+05:30 DEBUG 94548 --- [CIVWBMS Backend] [nio-8080-exec-6] o.s.jdbc.core.JdbcTemplate               : Executing prepared SQL statement [SELECT COALESCE(SUM(available_quantity),0) FROM coal_inventory]
2026-06-04T10:00:46.840+05:30 DEBUG 94548 --- [CIVWBMS Backend] [nio-8080-exec-6] o.s.jdbc.core.JdbcTemplate               : Executing prepared SQL query
2026-06-04T10:00:46.840+05:30 DEBUG 94548 --- [CIVWBMS Backend] [nio-8080-exec-6] o.s.jdbc.core.JdbcTemplate               : Executing prepared SQL statement [SELECT COUNT(*) FROM coal_orders o]
2026-06-04T10:00:46.841+05:30 DEBUG 94548 --- [CIVWBMS Backend] [nio-8080-exec-6] o.s.jdbc.core.JdbcTemplate               : Executing prepared SQL query
2026-06-04T10:00:46.842+05:30 DEBUG 94548 --- [CIVWBMS Backend] [nio-8080-exec-6] o.s.jdbc.core.JdbcTemplate               : Executing prepared SQL statement [SELECT COALESCE(SUM(total_amount),0) FROM coal_orders WHERE status IN ('Approved','Processing','Dispatched','Delivered')]
2026-06-04T10:00:46.844+05:30 DEBUG 94548 --- [CIVWBMS Backend] [nio-8080-exec-6] o.s.jdbc.core.JdbcTemplate               : Executing prepared SQL query
2026-06-04T10:00:46.844+05:30 DEBUG 94548 --- [CIVWBMS Backend] [nio-8080-exec-6] o.s.jdbc.core.JdbcTemplate               : Executing prepared SQL statement [SELECT coal_quality label, SUM(available_quantity) value FROM coal_inventory GROUP BY coal_quality]
2026-06-04T10:00:46.846+05:30 DEBUG 94548 --- [CIVWBMS Backend] [nio-8080-exec-6] o.s.jdbc.core.JdbcTemplate               : Executing prepared SQL query
2026-06-04T10:00:46.846+05:30 DEBUG 94548 --- [CIVWBMS Backend] [nio-8080-exec-6] o.s.jdbc.core.JdbcTemplate               : Executing prepared SQL statement [SELECT status label, COUNT(*) value FROM coal_orders GROUP BY status]
2026-06-04T10:00:46.847+05:30 DEBUG 94548 --- [CIVWBMS Backend] [nio-8080-exec-6] o.s.jdbc.core.JdbcTemplate               : Executing prepared SQL query
2026-06-04T10:00:46.848+05:30 DEBUG 94548 --- [CIVWBMS Backend] [nio-8080-exec-6] o.s.jdbc.core.JdbcTemplate               : Executing prepared SQL statement [SELECT DATE_FORMAT(created_at,'%Y-%m') label, COUNT(*) value FROM coal_orders GROUP BY DATE_FORMAT(created_at,'%Y-%m') ORDER BY label]
2026-06-04T10:00:46.850+05:30 DEBUG 94548 --- [CIVWBMS Backend] [nio-8080-exec-6] m.m.a.RequestResponseBodyMethodProcessor : Using 'application/json', given [application/json, text/plain, */*] and supported [application/json, application/*+json]
2026-06-04T10:00:46.851+05:30 DEBUG 94548 --- [CIVWBMS Backend] [nio-8080-exec-6] m.m.a.RequestResponseBodyMethodProcessor : Writing [{employees=100, attendance=20, leaves=14, inventoryTonnes=145625.00, orders=50, revenue=4809560.00,  (truncated)...]
2026-06-04T10:00:46.852+05:30 DEBUG 94548 --- [CIVWBMS Backend] [nio-8080-exec-6] o.s.web.servlet.DispatcherServlet        : Completed 200 OK
2026-06-04T10:01:01.604+05:30 DEBUG 94548 --- [CIVWBMS Backend] [nio-8080-exec-4] o.s.web.servlet.DispatcherServlet        : GET "/api/subsidiaries", parameters={}
2026-06-04T10:01:01.606+05:30 DEBUG 94548 --- [CIVWBMS Backend] [nio-8080-exec-4] s.w.s.m.m.a.RequestMappingHandlerMapping : Mapped to com.civwbms.controller.ApiController#subsidiaries()
2026-06-04T10:01:01.606+05:30 DEBUG 94548 --- [CIVWBMS Backend] [nio-8080-exec-4] o.s.jdbc.core.JdbcTemplate               : Executing SQL query [SELECT * FROM subsidiaries ORDER BY name]
2026-06-04T10:01:01.608+05:30 DEBUG 94548 --- [CIVWBMS Backend] [nio-8080-exec-4] m.m.a.RequestResponseBodyMethodProcessor : Using 'application/json', given [application/json, text/plain, */*] and supported [application/json, application/*+json]
2026-06-04T10:01:01.609+05:30 DEBUG 94548 --- [CIVWBMS Backend] [nio-8080-exec-4] m.m.a.RequestResponseBodyMethodProcessor : Writing [[{id=2, code=BCCL, name=Bharat Coking Coal Limited}, {id=3, code=CCL, name=Central Coalfields Limite (truncated)...]
2026-06-04T10:01:01.610+05:30 DEBUG 94548 --- [CIVWBMS Backend] [nio-8080-exec-4] o.s.web.servlet.DispatcherServlet        : Completed 200 OK
2026-06-04T10:01:50.093+05:30 DEBUG 94548 --- [CIVWBMS Backend] [nio-8080-exec-3] o.s.web.servlet.DispatcherServlet        : GET "/api/subsidiaries", parameters={}
2026-06-04T10:01:50.094+05:30 DEBUG 94548 --- [CIVWBMS Backend] [nio-8080-exec-3] s.w.s.m.m.a.RequestMappingHandlerMapping : Mapped to com.civwbms.controller.ApiController#subsidiaries()
2026-06-04T10:01:50.096+05:30 DEBUG 94548 --- [CIVWBMS Backend] [nio-8080-exec-3] o.s.jdbc.core.JdbcTemplate               : Executing SQL query [SELECT * FROM subsidiaries ORDER BY name]
2026-06-04T10:01:50.101+05:30 DEBUG 94548 --- [CIVWBMS Backend] [nio-8080-exec-3] m.m.a.RequestResponseBodyMethodProcessor : Using 'application/json', given [application/json, text/plain, */*] and supported [application/json, application/*+json]
2026-06-04T10:01:50.104+05:30 DEBUG 94548 --- [CIVWBMS Backend] [nio-8080-exec-3] m.m.a.RequestResponseBodyMethodProcessor : Writing [[{id=2, code=BCCL, name=Bharat Coking Coal Limited}, {id=3, code=CCL, name=Central Coalfields Limite (truncated)...]
2026-06-04T10:01:50.105+05:30 DEBUG 94548 --- [CIVWBMS Backend] [nio-8080-exec-3] o.s.web.servlet.DispatcherServlet        : Completed 200 OK
2026-06-04T10:01:52.539+05:30 DEBUG 94548 --- [CIVWBMS Backend] [io-8080-exec-10] o.s.web.servlet.DispatcherServlet        : GET "/api/subsidiaries", parameters={}
2026-06-04T10:01:52.540+05:30 DEBUG 94548 --- [CIVWBMS Backend] [io-8080-exec-10] s.w.s.m.m.a.RequestMappingHandlerMapping : Mapped to com.civwbms.controller.ApiController#subsidiaries()
2026-06-04T10:01:52.542+05:30 DEBUG 94548 --- [CIVWBMS Backend] [io-8080-exec-10] o.s.jdbc.core.JdbcTemplate               : Executing SQL query [SELECT * FROM subsidiaries ORDER BY name]
2026-06-04T10:01:52.547+05:30 DEBUG 94548 --- [CIVWBMS Backend] [io-8080-exec-10] m.m.a.RequestResponseBodyMethodProcessor : Using 'application/json', given [application/json, text/plain, */*] and supported [application/json, application/*+json]
2026-06-04T10:01:52.548+05:30 DEBUG 94548 --- [CIVWBMS Backend] [io-8080-exec-10] m.m.a.RequestResponseBodyMethodProcessor : Writing [[{id=2, code=BCCL, name=Bharat Coking Coal Limited}, {id=3, code=CCL, name=Central Coalfields Limite (truncated)...]
2026-06-04T10:01:52.551+05:30 DEBUG 94548 --- [CIVWBMS Backend] [io-8080-exec-10] o.s.web.servlet.DispatcherServlet        : Completed 200 OK
